return_id,order_id,customer_id,product_id,return_date,reason,quantity_returned,refund_amount,return_status,resolution_days,region
RET00001,ORD04926,CUST260,PROD105,2024-02-25,Damaged in Transit,1,178.27,Pending,32,Europe
RET00002,ORD00942,CUST286,PROD106,2024-07-09,Wrong Item Shipped,41,25725.67,Rejected,13,Asia Pacific
RET00003,ORD01257,CUST324,PROD032,2023-05-13,Defective,55,9724.47,Refunded,33,Asia Pacific
RET00004,ORD01481,CUST492,PROD036,2023-12-11,Damaged in Transit,96,89327.56,Replaced,1,Asia Pacific
RET00005,ORD01704,CUST047,PROD083,2025-01-08,Warranty Claim,16,4690.5,Refunded,28,Asia Pacific
RET00006,ORD02300,CUST304,PROD073,2023-06-09,Defective,1,525.57,Refunded,3,Middle East
RET00007,ORD03503,CUST044,PROD068,2023-06-13,Wrong Item Shipped,50,3848.62,Refunded,16,South Asia
RET00008,ORD03721,CUST076,PROD035,2023-07-25,Customer Changed Mind,144,97625.76,Refunded,32,Europe
RET00009,ORD01352,CUST495,PROD019,2023-07-26,Wrong Item Shipped,34,6056.67,Replaced,44,North America
RET00010,ORD01328,CUST046,PROD067,2024-07-20,Customer Changed Mind,78,18836.42,Pending,10,Asia Pacific
RET00011,ORD00125,CUST229,PROD087,2023-10-28,Warranty Claim,128,62585.59,Pending,1,Asia Pacific
RET00012,ORD02580,CUST304,PROD008,2024-08-30,Defective,36,18178.84,Refunded,7,Middle East
RET00013,ORD02629,CUST098,PROD043,2022-05-29,Defective,15,1947.7,Refunded,7,Asia Pacific
RET00014,ORD04569,CUST394,PROD005,2022-10-10,Damaged in Transit,209,57668.91,Refunded,4,Europe
RET00015,ORD02575,CUST351,PROD068,2022-11-09,Wrong Item Shipped,56,5267.38,Replaced,4,Europe
RET00016,ORD04456,CUST009,PROD024,2025-01-22,Defective,78,49970.58,Refunded,25,Europe
RET00017,ORD02519,CUST336,PROD040,2024-03-31,Defective,88,41614.02,Refunded,5,Europe
RET00018,ORD03146,CUST242,PROD084,2023-09-02,Defective,11,5281.48,Pending,7,Asia Pacific
RET00019,ORD04055,CUST368,PROD061,2022-08-28,Defective,93,43247.83,Refunded,3,North America
RET00020,ORD01693,CUST002,PROD025,2023-12-18,Defective,324,71468.61,Rejected,35,Middle East
RET00021,ORD00591,CUST071,PROD024,2022-05-06,Damaged in Transit,352,226198.19,Refunded,11,Europe
RET00022,ORD01485,CUST144,PROD005,2025-02-13,Damaged in Transit,32,9499.34,Replaced,12,North America
RET00023,ORD03956,CUST029,PROD071,2022-10-23,Damaged in Transit,67,64451.27,Refunded,39,South Asia
RET00024,ORD04367,CUST223,PROD043,2023-01-01,Defective,145,22268.52,Rejected,16,South Asia
RET00025,ORD03598,CUST328,PROD071,2022-10-14,Warranty Claim,124,137566.42,Replaced,41,Asia Pacific
RET00026,ORD04304,CUST313,PROD099,2023-04-21,Wrong Item Shipped,48,17401.15,Replaced,43,Asia Pacific
RET00027,ORD00352,CUST417,PROD013,2024-01-29,Defective,192,81177.45,Pending,7,Europe
RET00028,ORD04869,CUST231,PROD052,2023-10-06,Damaged in Transit,5,943.21,Replaced,21,Asia Pacific
RET00029,ORD02659,CUST168,PROD057,2023-12-29,Defective,202,61236.65,Refunded,10,South Asia
RET00030,ORD04568,CUST295,PROD049,2023-12-10,Damaged in Transit,125,57864.46,Pending,18,Middle East
RET00031,ORD03902,CUST047,PROD093,2022-09-12,Customer Changed Mind,347,141694.59,Refunded,29,Asia Pacific
RET00032,ORD03900,CUST239,PROD041,2023-06-19,Damaged in Transit,292,215553.23,Refunded,26,Middle East
RET00033,ORD01173,CUST320,PROD026,2022-11-01,Defective,185,56128.08,Refunded,30,North America
RET00034,ORD00639,CUST067,PROD027,2023-05-11,Customer Changed Mind,21,4793.12,Replaced,45,Europe
RET00035,ORD02200,CUST239,PROD095,2024-12-09,Defective,96,18708.32,Refunded,1,Middle East
RET00036,ORD04989,CUST052,PROD096,2025-02-08,Damaged in Transit,43,14563.14,Rejected,38,North America
RET00037,ORD01120,CUST231,PROD008,2022-02-19,Damaged in Transit,98,43477.52,Refunded,15,Asia Pacific
RET00038,ORD01119,CUST410,PROD062,2023-01-14,Customer Changed Mind,241,45081.38,Refunded,25,South Asia
RET00039,ORD00711,CUST396,PROD088,2023-03-28,Warranty Claim,79,29699.01,Replaced,19,South Asia
RET00040,ORD03719,CUST190,PROD106,2024-03-09,Damaged in Transit,130,82941.44,Pending,28,Asia Pacific
RET00041,ORD03583,CUST155,PROD053,2022-02-16,Wrong Item Shipped,103,48934.99,Pending,33,South Asia
RET00042,ORD04740,CUST314,PROD067,2023-12-11,Damaged in Transit,13,2642.98,Refunded,15,Asia Pacific
RET00043,ORD04291,CUST246,PROD009,2023-08-04,Defective,70,18365.47,Refunded,14,Asia Pacific
RET00044,ORD00938,CUST146,PROD032,2024-02-25,Customer Changed Mind,213,36941.25,Replaced,38,Europe
RET00045,ORD04350,CUST466,PROD085,2023-02-19,Damaged in Transit,380,170168.55,Rejected,35,Middle East
RET00046,ORD03339,CUST353,PROD083,2022-09-19,Wrong Item Shipped,360,147132.0,Refunded,32,Asia Pacific
RET00047,ORD01051,CUST107,PROD051,2023-01-01,Defective,22,9712.48,Replaced,14,Europe
RET00048,ORD01478,CUST288,PROD073,2023-09-15,Warranty Claim,8,3422.96,Refunded,13,North America
RET00049,ORD00734,CUST436,PROD025,2024-04-02,Wrong Item Shipped,20,4184.88,Refunded,41,Middle East
RET00050,ORD01279,CUST436,PROD072,2023-10-19,Damaged in Transit,38,11044.18,Refunded,21,Middle East
RET00051,ORD04550,CUST014,PROD097,2022-12-30,Damaged in Transit,137,49401.01,Refunded,12,Asia Pacific
RET00052,ORD03434,CUST238,PROD078,2022-07-11,Defective,147,24218.94,Replaced,15,Asia Pacific
RET00053,ORD01749,CUST061,PROD055,2023-04-11,Wrong Item Shipped,32,14321.94,Rejected,24,Europe
RET00054,ORD01047,CUST428,PROD058,2022-08-03,Customer Changed Mind,75,35659.03,Refunded,20,Europe
RET00055,ORD02360,CUST335,PROD093,2024-11-20,Defective,377,144242.77,Rejected,1,Middle East
RET00056,ORD00182,CUST117,PROD057,2024-10-20,Customer Changed Mind,190,68089.47,Refunded,43,Europe
RET00057,ORD00480,CUST029,PROD081,2024-09-11,Warranty Claim,36,7571.49,Replaced,14,South Asia
RET00058,ORD03717,CUST394,PROD120,2022-09-22,Damaged in Transit,21,11942.35,Refunded,2,Europe
RET00059,ORD02741,CUST442,PROD099,2024-12-13,Defective,450,183848.93,Refunded,8,Asia Pacific
RET00060,ORD03027,CUST469,PROD055,2022-08-24,Warranty Claim,71,36311.16,Replaced,11,South Asia
RET00061,ORD02557,CUST457,PROD089,2024-11-07,Defective,42,10961.14,Pending,20,Europe
RET00062,ORD02939,CUST436,PROD027,2023-03-04,Damaged in Transit,57,14747.71,Replaced,44,Middle East
RET00063,ORD03444,CUST446,PROD082,2024-04-20,Customer Changed Mind,85,31642.52,Refunded,17,South Asia
RET00064,ORD00272,CUST269,PROD079,2022-07-31,Defective,358,96715.03,Refunded,12,Europe
RET00065,ORD01776,CUST305,PROD064,2022-07-02,Wrong Item Shipped,233,140517.01,Refunded,20,Europe
RET00066,ORD03635,CUST041,PROD101,2024-08-29,Customer Changed Mind,77,22440.21,Replaced,10,North America
RET00067,ORD03578,CUST237,PROD097,2024-04-16,Defective,90,35347.96,Replaced,21,South Asia
RET00068,ORD04426,CUST317,PROD079,2023-07-30,Defective,87,20095.33,Refunded,3,Asia Pacific
RET00069,ORD02684,CUST088,PROD079,2023-07-12,Defective,141,33248.16,Replaced,4,Europe
RET00070,ORD02518,CUST338,PROD019,2023-08-12,Damaged in Transit,164,31573.21,Rejected,24,Asia Pacific
RET00071,ORD02830,CUST144,PROD007,2023-06-09,Defective,9,1546.7,Refunded,37,North America
RET00072,ORD02372,CUST361,PROD094,2024-08-01,Defective,4,758.28,Refunded,27,Asia Pacific
RET00073,ORD00337,CUST422,PROD008,2022-09-13,Defective,72,37471.84,Refunded,31,South Asia
RET00074,ORD00860,CUST189,PROD074,2023-08-29,Damaged in Transit,26,10134.12,Rejected,10,Europe
RET00075,ORD00486,CUST418,PROD024,2023-02-22,Wrong Item Shipped,38,24901.55,Refunded,4,South Asia
RET00076,ORD01123,CUST499,PROD005,2023-02-10,Wrong Item Shipped,91,30637.17,Refunded,12,Asia Pacific
RET00077,ORD02554,CUST171,PROD041,2023-02-11,Defective,182,141801.5,Replaced,15,Asia Pacific
RET00078,ORD02058,CUST238,PROD009,2024-05-20,Defective,87,21519.58,Rejected,26,Asia Pacific
RET00079,ORD01727,CUST169,PROD077,2023-10-07,Wrong Item Shipped,398,97642.89,Rejected,34,Asia Pacific
RET00080,ORD00328,CUST308,PROD007,2022-06-22,Wrong Item Shipped,145,27432.59,Pending,1,Europe
RET00081,ORD02862,CUST476,PROD075,2023-06-05,Wrong Item Shipped,244,161143.34,Rejected,45,Europe
RET00082,ORD01747,CUST415,PROD098,2024-04-16,Defective,62,14060.78,Refunded,18,North America
RET00083,ORD02247,CUST132,PROD100,2022-03-22,Defective,200,92363.06,Refunded,9,Asia Pacific
RET00084,ORD01289,CUST055,PROD099,2024-09-12,Damaged in Transit,190,87150.31,Replaced,34,Asia Pacific
RET00085,ORD01073,CUST117,PROD034,2023-09-20,Damaged in Transit,191,91192.38,Replaced,30,Europe
RET00086,ORD01828,CUST449,PROD064,2023-02-07,Warranty Claim,10,6752.98,Replaced,4,Europe
RET00087,ORD01599,CUST068,PROD075,2022-03-26,Defective,143,92994.27,Replaced,24,Middle East
RET00088,ORD00303,CUST072,PROD024,2024-02-21,Customer Changed Mind,186,114825.55,Refunded,45,Europe
RET00089,ORD04685,CUST414,PROD100,2023-05-31,Warranty Claim,223,122946.98,Refunded,26,South Asia
RET00090,ORD01153,CUST246,PROD115,2022-01-30,Customer Changed Mind,23,11129.56,Replaced,7,Asia Pacific
RET00091,ORD02452,CUST237,PROD013,2022-08-23,Customer Changed Mind,290,122239.01,Refunded,45,South Asia
RET00092,ORD03655,CUST439,PROD053,2023-12-29,Defective,151,59825.72,Replaced,21,Europe
RET00093,ORD01145,CUST055,PROD021,2023-06-26,Customer Changed Mind,213,37596.15,Replaced,45,Asia Pacific
RET00094,ORD01075,CUST383,PROD029,2022-12-05,Damaged in Transit,202,63235.85,Pending,14,North America
RET00095,ORD03592,CUST330,PROD023,2022-06-01,Wrong Item Shipped,278,71222.53,Replaced,34,Asia Pacific
RET00096,ORD03047,CUST429,PROD050,2025-01-12,Damaged in Transit,170,79954.84,Rejected,10,North America
RET00097,ORD01000,CUST094,PROD064,2023-09-11,Warranty Claim,157,113154.59,Refunded,11,Asia Pacific
RET00098,ORD04801,CUST189,PROD030,2024-12-04,Damaged in Transit,433,35104.07,Replaced,45,Europe
RET00099,ORD01074,CUST307,PROD114,2023-07-29,Wrong Item Shipped,145,46588.73,Refunded,40,Asia Pacific
RET00100,ORD04546,CUST484,PROD099,2023-12-13,Defective,28,12149.13,Refunded,7,Europe
RET00101,ORD02765,CUST477,PROD079,2023-06-24,Damaged in Transit,23,4791.75,Replaced,35,Europe
RET00102,ORD03894,CUST248,PROD115,2024-06-17,Defective,428,208734.29,Rejected,40,Middle East
RET00103,ORD02500,CUST092,PROD098,2024-08-17,Defective,1,246.09,Refunded,28,Middle East
RET00104,ORD04683,CUST198,PROD112,2024-03-15,Damaged in Transit,42,3534.22,Replaced,15,South Asia
RET00105,ORD02854,CUST247,PROD094,2024-01-10,Customer Changed Mind,66,10856.15,Replaced,38,Asia Pacific
RET00106,ORD03102,CUST017,PROD073,2023-03-07,Customer Changed Mind,273,117262.33,Refunded,41,North America
RET00107,ORD03234,CUST295,PROD053,2024-11-06,Warranty Claim,98,43774.65,Refunded,1,Middle East
RET00108,ORD03258,CUST341,PROD080,2024-06-05,Warranty Claim,13,3628.72,Refunded,14,Asia Pacific
RET00109,ORD00922,CUST354,PROD107,2023-07-05,Warranty Claim,26,3764.39,Replaced,13,Asia Pacific
RET00110,ORD03679,CUST330,PROD017,2024-12-12,Wrong Item Shipped,58,14260.94,Rejected,22,Asia Pacific
RET00111,ORD01594,CUST422,PROD064,2022-02-19,Defective,92,61776.64,Replaced,21,South Asia
RET00112,ORD00342,CUST023,PROD064,2022-09-27,Wrong Item Shipped,71,46300.18,Replaced,41,North America
RET00113,ORD04943,CUST068,PROD088,2023-10-13,Wrong Item Shipped,127,53482.69,Pending,37,Middle East
RET00114,ORD01885,CUST058,PROD045,2023-10-30,Defective,379,172683.51,Refunded,18,Middle East
RET00115,ORD02798,CUST290,PROD083,2023-09-20,Wrong Item Shipped,73,24623.62,Rejected,41,Asia Pacific
RET00116,ORD00319,CUST367,PROD058,2023-08-05,Damaged in Transit,62,25912.27,Pending,9,South Asia
RET00117,ORD00541,CUST176,PROD035,2024-07-05,Defective,41,27392.8,Refunded,39,Asia Pacific
RET00118,ORD00268,CUST021,PROD032,2023-09-13,Warranty Claim,359,71331.22,Replaced,31,Middle East
RET00119,ORD03386,CUST112,PROD079,2023-11-13,Defective,2,474.06,Rejected,36,North America
RET00120,ORD01180,CUST361,PROD046,2022-02-12,Defective,8,8757.98,Replaced,5,Asia Pacific
RET00121,ORD00561,CUST487,PROD074,2023-09-24,Defective,63,23948.57,Rejected,31,Asia Pacific
RET00122,ORD02283,CUST087,PROD096,2024-08-10,Customer Changed Mind,263,85748.4,Refunded,1,Europe
RET00123,ORD00111,CUST232,PROD120,2022-11-28,Customer Changed Mind,326,173117.74,Refunded,22,North America
RET00124,ORD02989,CUST091,PROD022,2024-06-21,Defective,10,972.45,Rejected,15,Asia Pacific
RET00125,ORD04156,CUST033,PROD090,2023-02-01,Damaged in Transit,155,59663.05,Pending,26,Europe
RET00126,ORD02066,CUST297,PROD115,2024-09-04,Wrong Item Shipped,259,130022.7,Refunded,29,North America
RET00127,ORD02548,CUST320,PROD083,2022-10-27,Wrong Item Shipped,245,83077.76,Refunded,41,North America
RET00128,ORD00035,CUST489,PROD103,2024-11-20,Wrong Item Shipped,224,45107.81,Refunded,27,South Asia
RET00129,ORD04094,CUST308,PROD120,2024-12-13,Damaged in Transit,95,56143.34,Rejected,34,Europe
RET00130,ORD02358,CUST165,PROD067,2022-04-18,Damaged in Transit,277,67148.42,Refunded,21,Asia Pacific
RET00131,ORD02429,CUST092,PROD064,2024-03-30,Warranty Claim,340,218100.37,Pending,12,Middle East
RET00132,ORD01496,CUST248,PROD118,2024-01-06,Warranty Claim,291,53227.99,Refunded,35,Middle East
RET00133,ORD02962,CUST044,PROD012,2022-04-18,Defective,52,9468.49,Rejected,34,South Asia
RET00134,ORD01921,CUST066,PROD005,2022-11-19,Warranty Claim,18,5774.96,Refunded,33,North America
RET00135,ORD04064,CUST349,PROD015,2025-01-17,Defective,23,1834.02,Refunded,42,Middle East
RET00136,ORD00392,CUST335,PROD101,2022-08-28,Customer Changed Mind,188,51913.27,Refunded,23,Middle East
RET00137,ORD03489,CUST336,PROD120,2023-03-22,Defective,2,1133.31,Refunded,8,Europe
RET00138,ORD04266,CUST318,PROD079,2022-09-08,Wrong Item Shipped,112,30069.85,Replaced,38,Europe
RET00139,ORD04187,CUST016,PROD028,2025-01-18,Damaged in Transit,58,8017.79,Refunded,19,North America
RET00140,ORD03029,CUST226,PROD045,2024-12-16,Warranty Claim,113,53117.16,Refunded,35,Middle East
RET00141,ORD00052,CUST411,PROD120,2022-11-23,Damaged in Transit,65,32463.36,Replaced,27,Europe
RET00142,ORD04755,CUST047,PROD099,2022-08-25,Wrong Item Shipped,133,49676.72,Refunded,30,Asia Pacific
RET00143,ORD01973,CUST199,PROD105,2023-05-19,Wrong Item Shipped,183,32822.71,Replaced,45,Asia Pacific
RET00144,ORD01526,CUST165,PROD108,2024-05-01,Wrong Item Shipped,325,56847.43,Rejected,20,Asia Pacific
RET00145,ORD03255,CUST119,PROD056,2022-10-12,Wrong Item Shipped,23,5262.41,Refunded,28,Middle East
RET00146,ORD04857,CUST254,PROD030,2023-08-03,Customer Changed Mind,188,13187.78,Refunded,10,South Asia
RET00147,ORD01112,CUST019,PROD028,2023-03-07,Wrong Item Shipped,146,20731.13,Rejected,42,Europe
RET00148,ORD00764,CUST411,PROD043,2023-07-05,Damaged in Transit,35,4705.38,Rejected,25,Europe
RET00149,ORD00145,CUST216,PROD005,2022-09-28,Defective,68,22660.17,Refunded,14,Asia Pacific
RET00150,ORD00419,CUST025,PROD061,2023-03-10,Warranty Claim,29,13212.34,Replaced,1,Asia Pacific
RET00151,ORD03849,CUST024,PROD051,2023-05-05,Defective,80,30009.24,Refunded,30,Asia Pacific
RET00152,ORD01115,CUST016,PROD034,2024-09-03,Defective,20,9776.09,Pending,13,North America
RET00153,ORD02526,CUST145,PROD082,2022-03-22,Damaged in Transit,215,76519.47,Refunded,25,Middle East
RET00154,ORD02612,CUST361,PROD114,2022-08-09,Customer Changed Mind,197,70441.94,Refunded,12,Asia Pacific
RET00155,ORD04218,CUST133,PROD097,2024-01-04,Defective,320,105667.38,Pending,24,Asia Pacific
RET00156,ORD00455,CUST127,PROD097,2023-03-28,Wrong Item Shipped,229,85204.07,Refunded,6,Asia Pacific
RET00157,ORD02794,CUST179,PROD071,2024-10-31,Damaged in Transit,157,149929.79,Refunded,9,Middle East
RET00158,ORD00862,CUST371,PROD020,2023-06-08,Defective,64,18731.52,Pending,38,Asia Pacific
RET00159,ORD01400,CUST348,PROD082,2022-10-26,Wrong Item Shipped,1,358.77,Pending,23,North America
RET00160,ORD02949,CUST449,PROD107,2024-02-10,Wrong Item Shipped,193,29054.58,Replaced,6,Europe
RET00161,ORD00821,CUST125,PROD014,2025-03-03,Defective,43,12644.16,Rejected,45,Europe
RET00162,ORD01179,CUST232,PROD099,2024-10-20,Customer Changed Mind,200,73392.75,Refunded,35,North America
RET00163,ORD04565,CUST159,PROD066,2024-06-25,Defective,1,989.43,Rejected,28,Asia Pacific
RET00164,ORD03968,CUST390,PROD103,2023-11-30,Customer Changed Mind,96,16723.99,Refunded,5,Europe
RET00165,ORD03835,CUST151,PROD050,2022-03-22,Damaged in Transit,104,50276.97,Refunded,42,Asia Pacific
RET00166,ORD00746,CUST051,PROD055,2024-06-02,Defective,274,134463.7,Pending,20,South Asia
RET00167,ORD02289,CUST357,PROD103,2022-12-30,Damaged in Transit,8,1245.01,Pending,16,Asia Pacific
RET00168,ORD01076,CUST347,PROD040,2022-05-25,Damaged in Transit,25,12618.17,Pending,20,Asia Pacific
RET00169,ORD03683,CUST142,PROD084,2025-02-25,Warranty Claim,333,144809.81,Pending,22,Asia Pacific
RET00170,ORD03925,CUST346,PROD064,2022-09-09,Wrong Item Shipped,112,79485.56,Refunded,23,North America
RET00171,ORD03666,CUST358,PROD086,2024-04-21,Customer Changed Mind,150,143369.21,Replaced,12,Asia Pacific
RET00172,ORD01329,CUST002,PROD071,2024-04-08,Defective,320,293525.86,Replaced,33,Middle East
RET00173,ORD00277,CUST052,PROD114,2025-02-02,Damaged in Transit,191,66657.85,Pending,39,North America
RET00174,ORD02040,CUST498,PROD102,2022-10-24,Defective,62,5158.19,Rejected,28,Europe
RET00175,ORD00265,CUST190,PROD058,2022-11-14,Defective,30,14183.25,Replaced,4,Asia Pacific
RET00176,ORD02402,CUST250,PROD080,2023-12-07,Warranty Claim,196,49090.58,Rejected,39,Asia Pacific
RET00177,ORD03989,CUST172,PROD053,2024-03-16,Wrong Item Shipped,292,122851.85,Refunded,8,Asia Pacific
RET00178,ORD00947,CUST007,PROD053,2023-02-08,Defective,59,25723.23,Rejected,21,Europe
RET00179,ORD04960,CUST009,PROD071,2023-01-02,Damaged in Transit,403,345304.1,Replaced,12,Europe
RET00180,ORD00999,CUST213,PROD014,2025-01-02,Damaged in Transit,26,8042.43,Refunded,35,South Asia
RET00181,ORD02718,CUST320,PROD038,2024-07-17,Defective,57,3242.76,Replaced,16,North America
RET00182,ORD04573,CUST141,PROD097,2023-03-22,Customer Changed Mind,78,28269.26,Replaced,8,Asia Pacific
RET00183,ORD01330,CUST434,PROD026,2023-08-27,Customer Changed Mind,35,10785.0,Rejected,5,North America
RET00184,ORD02320,CUST438,PROD106,2022-12-17,Wrong Item Shipped,204,145556.17,Refunded,12,North America
RET00185,ORD01011,CUST246,PROD072,2023-03-21,Damaged in Transit,4,990.01,Refunded,26,Asia Pacific
RET00186,ORD00343,CUST098,PROD117,2022-09-07,Defective,12,3166.15,Pending,37,Asia Pacific
RET00187,ORD03621,CUST365,PROD083,2022-11-16,Defective,32,10479.01,Refunded,41,Middle East
RET00188,ORD03638,CUST457,PROD098,2024-03-03,Damaged in Transit,384,92340.65,Refunded,9,Europe
RET00189,ORD00344,CUST158,PROD038,2024-02-29,Warranty Claim,97,4691.9,Refunded,41,Asia Pacific
RET00190,ORD04762,CUST482,PROD081,2022-03-27,Damaged in Transit,10,2280.85,Refunded,28,South Asia
RET00191,ORD03301,CUST018,PROD076,2023-04-23,Customer Changed Mind,89,69916.92,Refunded,40,South Asia
RET00192,ORD00573,CUST293,PROD030,2022-05-30,Damaged in Transit,43,3110.69,Replaced,8,Europe
RET00193,ORD00079,CUST086,PROD047,2024-03-03,Wrong Item Shipped,299,38533.37,Refunded,2,Europe
RET00194,ORD01249,CUST239,PROD001,2024-11-10,Customer Changed Mind,8,2002.84,Refunded,22,Middle East
RET00195,ORD00509,CUST189,PROD096,2022-10-06,Defective,64,20504.21,Pending,30,Europe
RET00196,ORD04973,CUST280,PROD040,2023-02-25,Damaged in Transit,314,164131.84,Rejected,16,Asia Pacific
RET00197,ORD01188,CUST101,PROD019,2024-06-20,Defective,49,10732.24,Refunded,24,Middle East
RET00198,ORD00868,CUST290,PROD061,2022-07-22,Warranty Claim,15,6233.84,Pending,27,Asia Pacific
RET00199,ORD00547,CUST242,PROD095,2023-10-04,Warranty Claim,14,3097.18,Refunded,33,Asia Pacific
RET00200,ORD02401,CUST322,PROD029,2024-07-17,Damaged in Transit,11,3169.38,Refunded,6,Europe
RET00201,ORD04197,CUST042,PROD007,2022-03-17,Warranty Claim,16,2695.93,Pending,30,South Asia
RET00202,ORD03949,CUST056,PROD114,2023-07-03,Customer Changed Mind,298,95882.57,Rejected,42,North America
RET00203,ORD02065,CUST285,PROD117,2022-08-30,Damaged in Transit,2,520.41,Refunded,26,Europe
RET00204,ORD03425,CUST068,PROD096,2022-05-09,Wrong Item Shipped,347,123336.51,Rejected,14,Middle East
RET00205,ORD02163,CUST423,PROD083,2024-02-19,Wrong Item Shipped,179,66145.37,Replaced,31,Asia Pacific
RET00206,ORD02512,CUST428,PROD117,2025-02-28,Defective,40,10413.71,Replaced,16,Europe
RET00207,ORD02018,CUST141,PROD033,2024-05-11,Defective,96,21930.41,Refunded,21,Asia Pacific
RET00208,ORD01877,CUST106,PROD082,2024-05-12,Customer Changed Mind,274,97473.29,Refunded,2,North America
RET00209,ORD03929,CUST183,PROD067,2022-10-28,Defective,237,47928.5,Replaced,8,Europe
RET00210,ORD01045,CUST422,PROD112,2023-03-14,Defective,58,5751.49,Rejected,7,South Asia
RET00211,ORD04558,CUST122,PROD102,2023-02-06,Damaged in Transit,246,18434.12,Refunded,26,North America
RET00212,ORD02097,CUST241,PROD090,2024-08-03,Damaged in Transit,78,30217.1,Refunded,21,North America
RET00213,ORD02457,CUST255,PROD022,2024-09-10,Defective,10,982.6,Rejected,18,South Asia
RET00214,ORD04855,CUST225,PROD101,2023-11-11,Warranty Claim,129,41643.52,Refunded,18,Asia Pacific
RET00215,ORD01964,CUST330,PROD016,2025-01-26,Damaged in Transit,317,91865.89,Replaced,1,Asia Pacific
RET00216,ORD00520,CUST198,PROD011,2022-09-23,Warranty Claim,143,129450.22,Replaced,27,South Asia
RET00217,ORD00003,CUST243,PROD078,2024-10-22,Damaged in Transit,4,631.53,Pending,8,Asia Pacific
RET00218,ORD04987,CUST050,PROD047,2024-01-27,Customer Changed Mind,154,18359.64,Rejected,28,Asia Pacific
RET00219,ORD04561,CUST308,PROD049,2022-07-15,Wrong Item Shipped,127,63258.04,Refunded,38,Europe
RET00220,ORD01468,CUST438,PROD105,2024-12-10,Defective,111,19830.94,Refunded,2,North America
RET00221,ORD00177,CUST105,PROD078,2024-01-28,Defective,61,7975.98,Rejected,22,Asia Pacific
RET00222,ORD03836,CUST261,PROD048,2024-10-28,Defective,77,28600.61,Refunded,20,Asia Pacific
RET00223,ORD04974,CUST238,PROD023,2024-08-12,Defective,16,4734.29,Refunded,14,Asia Pacific
RET00224,ORD04893,CUST489,PROD053,2024-12-07,Wrong Item Shipped,266,126083.8,Refunded,35,South Asia
RET00225,ORD00175,CUST039,PROD109,2022-08-10,Defective,311,54669.04,Pending,31,Middle East
RET00226,ORD03375,CUST440,PROD011,2024-04-15,Defective,43,43808.82,Refunded,41,Europe
RET00227,ORD01713,CUST023,PROD088,2024-08-14,Defective,128,47683.89,Refunded,3,North America
RET00228,ORD03415,CUST394,PROD061,2022-05-08,Damaged in Transit,214,81066.93,Refunded,8,Europe
RET00229,ORD00275,CUST069,PROD111,2024-09-13,Wrong Item Shipped,60,54047.75,Replaced,26,North America
RET00230,ORD02253,CUST413,PROD064,2025-02-14,Damaged in Transit,2,1275.31,Replaced,24,North America
RET00231,ORD01501,CUST314,PROD020,2024-11-20,Warranty Claim,125,36410.04,Refunded,15,Asia Pacific
RET00232,ORD02154,CUST193,PROD048,2024-09-23,Defective,4,1934.44,Pending,37,Europe
RET00233,ORD00247,CUST007,PROD018,2023-01-07,Warranty Claim,262,99007.12,Refunded,38,Europe
RET00234,ORD04464,CUST036,PROD099,2022-08-12,Damaged in Transit,366,147614.47,Refunded,15,Europe
RET00235,ORD04134,CUST156,PROD093,2023-07-11,Customer Changed Mind,24,11071.1,Refunded,44,South Asia
RET00236,ORD04085,CUST483,PROD100,2023-04-24,Defective,45,22701.95,Refunded,35,Europe
RET00237,ORD02916,CUST443,PROD058,2023-07-20,Warranty Claim,1,513.64,Replaced,38,Asia Pacific
RET00238,ORD02558,CUST430,PROD117,2024-01-03,Customer Changed Mind,221,65751.1,Pending,17,Middle East
RET00239,ORD03110,CUST420,PROD019,2022-10-29,Damaged in Transit,70,12198.1,Refunded,31,Middle East
RET00240,ORD02753,CUST347,PROD085,2022-04-23,Defective,1,419.68,Rejected,2,Asia Pacific
RET00241,ORD03841,CUST208,PROD075,2023-12-07,Defective,29,16143.02,Pending,5,Middle East
RET00242,ORD04196,CUST479,PROD001,2022-11-29,Defective,5,1307.32,Refunded,2,Asia Pacific
RET00243,ORD04617,CUST153,PROD007,2022-08-02,Damaged in Transit,1,155.94,Refunded,2,South Asia
RET00244,ORD03661,CUST398,PROD033,2024-12-03,Defective,114,29353.78,Pending,26,Europe
RET00245,ORD00299,CUST401,PROD009,2022-07-09,Customer Changed Mind,12,3041.27,Refunded,38,Europe
RET00246,ORD02815,CUST267,PROD023,2024-07-01,Customer Changed Mind,54,15890.69,Replaced,37,Asia Pacific
RET00247,ORD02450,CUST158,PROD050,2022-12-10,Customer Changed Mind,250,112344.97,Refunded,10,Asia Pacific
RET00248,ORD02536,CUST313,PROD008,2023-10-22,Damaged in Transit,71,32145.72,Refunded,27,Asia Pacific
RET00249,ORD01284,CUST110,PROD088,2023-03-17,Customer Changed Mind,70,31050.32,Replaced,8,Middle East
RET00250,ORD04730,CUST267,PROD012,2022-12-25,Customer Changed Mind,392,83869.81,Refunded,10,Asia Pacific
RET00251,ORD02693,CUST368,PROD086,2022-12-19,Warranty Claim,448,403174.36,Refunded,35,North America
RET00252,ORD01309,CUST164,PROD105,2025-01-19,Customer Changed Mind,227,41984.75,Refunded,24,North America
RET00253,ORD01762,CUST030,PROD120,2022-04-04,Customer Changed Mind,154,85881.85,Refunded,24,Asia Pacific
RET00254,ORD02838,CUST297,PROD112,2024-08-15,Defective,1,99.32,Pending,31,North America
RET00255,ORD02491,CUST259,PROD052,2023-04-05,Wrong Item Shipped,155,30553.26,Rejected,4,Asia Pacific
RET00256,ORD03160,CUST052,PROD061,2024-03-22,Wrong Item Shipped,119,50753.88,Rejected,40,North America
RET00257,ORD04745,CUST488,PROD111,2024-11-03,Damaged in Transit,106,104546.73,Refunded,14,North America
RET00258,ORD04613,CUST385,PROD056,2022-11-18,Warranty Claim,53,13391.55,Rejected,36,North America
RET00259,ORD04341,CUST049,PROD115,2024-03-12,Damaged in Transit,116,51501.72,Replaced,26,Europe
RET00260,ORD02756,CUST173,PROD096,2022-03-13,Customer Changed Mind,48,18059.2,Refunded,12,Europe
RET00261,ORD04838,CUST435,PROD107,2023-01-18,Defective,138,22869.54,Pending,27,Asia Pacific
RET00262,ORD01455,CUST259,PROD096,2024-08-14,Damaged in Transit,156,57000.81,Refunded,6,Asia Pacific
RET00263,ORD00270,CUST465,PROD007,2022-09-23,Defective,268,51307.31,Refunded,27,Europe
RET00264,ORD02899,CUST043,PROD054,2024-02-22,Damaged in Transit,271,120608.5,Refunded,14,Asia Pacific
RET00265,ORD02354,CUST447,PROD005,2024-10-11,Damaged in Transit,66,21246.22,Refunded,44,Middle East
RET00266,ORD04034,CUST259,PROD015,2023-05-29,Defective,82,6002.6,Replaced,22,Asia Pacific
RET00267,ORD01756,CUST095,PROD086,2022-06-19,Warranty Claim,117,86471.66,Refunded,20,North America
RET00268,ORD01435,CUST363,PROD111,2025-01-18,Defective,190,156107.97,Refunded,3,Asia Pacific
RET00269,ORD04913,CUST441,PROD068,2023-01-15,Damaged in Transit,3,282.89,Refunded,9,North America
RET00270,ORD02570,CUST305,PROD009,2023-03-07,Damaged in Transit,23,5784.03,Refunded,16,Europe
RET00271,ORD01917,CUST362,PROD082,2023-09-24,Defective,6,2025.57,Refunded,42,North America
RET00272,ORD04419,CUST443,PROD053,2022-09-02,Customer Changed Mind,186,92212.64,Refunded,9,Asia Pacific
RET00273,ORD00353,CUST217,PROD073,2022-04-30,Damaged in Transit,17,7007.14,Refunded,32,Europe
RET00274,ORD01850,CUST496,PROD002,2024-12-30,Damaged in Transit,67,27727.93,Refunded,34,Middle East
RET00275,ORD00482,CUST489,PROD087,2024-02-16,Damaged in Transit,321,157153.51,Pending,25,South Asia
RET00276,ORD00237,CUST209,PROD022,2023-03-21,Wrong Item Shipped,10,872.53,Refunded,27,Middle East
RET00277,ORD01162,CUST321,PROD022,2022-11-30,Customer Changed Mind,196,18682.52,Refunded,27,South Asia
RET00278,ORD03534,CUST481,PROD098,2024-01-29,Defective,101,27751.6,Refunded,2,North America
RET00279,ORD03637,CUST304,PROD019,2024-01-30,Defective,61,12933.34,Refunded,22,Middle East
RET00280,ORD02274,CUST091,PROD056,2022-03-24,Warranty Claim,141,33807.4,Replaced,2,Asia Pacific
RET00281,ORD04269,CUST079,PROD095,2022-04-10,Warranty Claim,92,16644.96,Refunded,1,Asia Pacific
RET00282,ORD03499,CUST024,PROD002,2024-10-22,Defective,15,5479.51,Refunded,40,Asia Pacific
RET00283,ORD04302,CUST338,PROD080,2023-12-14,Defective,163,51666.33,Pending,39,Asia Pacific
RET00284,ORD01183,CUST297,PROD062,2023-09-27,Defective,17,3559.15,Replaced,10,North America
RET00285,ORD03013,CUST063,PROD028,2023-11-03,Defective,4,587.57,Refunded,12,North America
RET00286,ORD03178,CUST234,PROD079,2023-10-14,Damaged in Transit,140,35940.09,Refunded,37,Europe
RET00287,ORD03448,CUST264,PROD050,2022-03-23,Defective,194,99323.6,Refunded,17,Asia Pacific
RET00288,ORD03482,CUST319,PROD046,2022-11-15,Defective,6,6408.43,Refunded,3,Middle East
RET00289,ORD03872,CUST386,PROD041,2023-03-10,Customer Changed Mind,45,36890.92,Refunded,21,Asia Pacific
RET00290,ORD00933,CUST153,PROD014,2023-05-02,Defective,127,32991.08,Pending,12,South Asia
RET00291,ORD00774,CUST472,PROD017,2023-08-18,Customer Changed Mind,114,35608.46,Refunded,27,Asia Pacific
RET00292,ORD04764,CUST082,PROD025,2023-09-07,Damaged in Transit,168,41242.32,Replaced,15,Asia Pacific
RET00293,ORD04020,CUST328,PROD026,2023-10-14,Defective,5,1524.06,Refunded,37,Asia Pacific
RET00294,ORD03174,CUST262,PROD107,2022-04-05,Damaged in Transit,203,31670.11,Pending,45,South Asia
RET00295,ORD02037,CUST089,PROD009,2022-10-20,Defective,120,25423.32,Replaced,41,North America
RET00296,ORD01264,CUST104,PROD010,2024-01-05,Damaged in Transit,138,79487.52,Refunded,3,Asia Pacific
RET00297,ORD00203,CUST454,PROD071,2023-10-03,Defective,100,116228.66,Rejected,5,Europe
RET00298,ORD01438,CUST030,PROD096,2024-05-30,Wrong Item Shipped,83,29519.94,Refunded,34,Asia Pacific
RET00299,ORD00896,CUST072,PROD007,2024-11-25,Damaged in Transit,2,355.82,Refunded,34,Europe
RET00300,ORD04791,CUST371,PROD094,2022-08-15,Defective,312,57177.12,Refunded,21,Asia Pacific
RET00301,ORD02428,CUST106,PROD024,2024-01-11,Warranty Claim,2,1097.92,Refunded,13,North America
RET00302,ORD01774,CUST057,PROD038,2024-10-11,Defective,253,14087.21,Replaced,25,Middle East
RET00303,ORD02784,CUST448,PROD107,2023-08-02,Customer Changed Mind,13,1783.47,Rejected,14,North America
RET00304,ORD03763,CUST077,PROD096,2022-09-03,Defective,40,12102.82,Pending,18,South Asia
RET00305,ORD02084,CUST272,PROD090,2023-11-30,Warranty Claim,65,23993.03,Replaced,45,North America
RET00306,ORD03397,CUST447,PROD089,2024-11-23,Warranty Claim,78,25299.02,Replaced,3,Middle East
RET00307,ORD02394,CUST219,PROD093,2025-01-16,Defective,144,68357.02,Pending,3,Middle East
RET00308,ORD01987,CUST154,PROD023,2022-07-09,Defective,77,20715.25,Refunded,45,Asia Pacific
RET00309,ORD02088,CUST076,PROD072,2022-11-11,Customer Changed Mind,117,30745.67,Replaced,32,Europe
RET00310,ORD02896,CUST110,PROD078,2024-05-23,Defective,123,18903.81,Refunded,18,Middle East
RET00311,ORD04977,CUST412,PROD120,2024-02-03,Defective,1,498.87,Refunded,32,Asia Pacific
RET00312,ORD02313,CUST347,PROD076,2022-10-10,Wrong Item Shipped,381,307372.65,Pending,32,Asia Pacific
RET00313,ORD02078,CUST068,PROD073,2022-07-16,Defective,102,49148.71,Refunded,36,Middle East
RET00314,ORD00807,CUST335,PROD082,2024-12-21,Damaged in Transit,234,82470.41,Refunded,44,Middle East
RET00315,ORD02010,CUST402,PROD015,2022-03-18,Damaged in Transit,173,12597.5,Replaced,29,Asia Pacific
RET00316,ORD02769,CUST181,PROD088,2022-10-11,Defective,187,75024.77,Refunded,39,Asia Pacific
RET00317,ORD04436,CUST219,PROD011,2024-10-11,Defective,238,257473.08,Refunded,37,Middle East
RET00318,ORD02341,CUST410,PROD038,2025-02-10,Wrong Item Shipped,32,1821.45,Pending,35,South Asia
RET00319,ORD01718,CUST170,PROD001,2024-11-19,Damaged in Transit,3,914.24,Refunded,27,Asia Pacific
RET00320,ORD01126,CUST383,PROD064,2024-01-26,Customer Changed Mind,1,611.0,Refunded,40,North America
RET00321,ORD00925,CUST330,PROD034,2022-11-29,Warranty Claim,104,47207.82,Replaced,24,Asia Pacific
RET00322,ORD00958,CUST071,PROD103,2024-03-04,Defective,8,1169.89,Rejected,36,Europe
RET00323,ORD02333,CUST392,PROD042,2023-06-19,Customer Changed Mind,30,11435.6,Rejected,35,Asia Pacific
RET00324,ORD00595,CUST283,PROD033,2024-11-02,Warranty Claim,227,54411.33,Replaced,40,Middle East
RET00325,ORD02931,CUST397,PROD035,2022-12-31,Defective,219,142768.41,Rejected,6,North America
RET00326,ORD04604,CUST003,PROD004,2024-12-12,Customer Changed Mind,183,62154.38,Refunded,7,Europe
RET00327,ORD04652,CUST422,PROD011,2023-09-22,Defective,56,57096.14,Refunded,14,South Asia
RET00328,ORD02006,CUST101,PROD118,2022-03-02,Customer Changed Mind,262,49484.75,Refunded,17,Middle East
RET00329,ORD04606,CUST362,PROD015,2022-04-14,Warranty Claim,160,10473.94,Rejected,27,North America
RET00330,ORD03569,CUST428,PROD067,2022-12-19,Warranty Claim,3,773.89,Rejected,42,Europe
RET00331,ORD02662,CUST426,PROD106,2023-05-15,Damaged in Transit,68,41565.01,Pending,44,North America
RET00332,ORD00919,CUST068,PROD080,2023-07-23,Damaged in Transit,28,8408.2,Refunded,6,Middle East
RET00333,ORD00945,CUST102,PROD084,2023-04-08,Defective,365,171478.17,Replaced,3,North America
RET00334,ORD03393,CUST342,PROD045,2024-08-19,Damaged in Transit,364,184035.72,Pending,39,North America
RET00335,ORD04261,CUST052,PROD029,2024-10-31,Customer Changed Mind,215,57468.33,Replaced,35,North America
RET00336,ORD01247,CUST002,PROD055,2024-08-19,Defective,13,6295.06,Replaced,2,Middle East
RET00337,ORD03224,CUST055,PROD068,2023-12-01,Warranty Claim,87,6454.55,Refunded,19,Asia Pacific
RET00338,ORD01763,CUST018,PROD096,2023-06-07,Damaged in Transit,3,1061.31,Refunded,42,South Asia
RET00339,ORD04954,CUST235,PROD049,2022-06-30,Wrong Item Shipped,383,186676.61,Refunded,23,Europe
RET00340,ORD02985,CUST447,PROD057,2024-09-12,Wrong Item Shipped,294,105329.59,Refunded,17,Middle East
RET00341,ORD04693,CUST426,PROD083,2023-12-30,Warranty Claim,280,99342.52,Refunded,9,North America
RET00342,ORD00917,CUST174,PROD113,2024-02-21,Wrong Item Shipped,268,85797.73,Pending,40,Middle East
RET00343,ORD01806,CUST473,PROD120,2022-08-08,Damaged in Transit,265,150228.04,Refunded,9,Asia Pacific
RET00344,ORD02574,CUST174,PROD011,2024-07-27,Customer Changed Mind,1,1000.81,Refunded,35,Middle East
RET00345,ORD02817,CUST215,PROD007,2023-04-30,Warranty Claim,81,15339.39,Refunded,9,Asia Pacific
RET00346,ORD02945,CUST400,PROD096,2023-09-19,Wrong Item Shipped,288,102846.46,Refunded,12,Asia Pacific
RET00347,ORD01386,CUST105,PROD077,2023-03-27,Customer Changed Mind,69,16694.14,Refunded,3,Asia Pacific
RET00348,ORD01532,CUST132,PROD049,2023-11-03,Damaged in Transit,340,151222.87,Pending,37,Asia Pacific
RET00349,ORD02802,CUST407,PROD007,2023-05-26,Defective,120,18356.03,Pending,21,Middle East
RET00350,ORD01196,CUST449,PROD026,2024-08-22,Wrong Item Shipped,181,49635.6,Refunded,28,Europe
RET00351,ORD04192,CUST390,PROD014,2023-12-31,Damaged in Transit,412,119002.39,Replaced,33,Europe
RET00352,ORD03651,CUST259,PROD102,2024-08-18,Damaged in Transit,7,616.68,Refunded,34,Asia Pacific
RET00353,ORD00503,CUST498,PROD061,2024-07-02,Damaged in Transit,263,107482.42,Refunded,43,Europe
RET00354,ORD04468,CUST190,PROD077,2022-08-08,Defective,152,38844.79,Refunded,22,Asia Pacific
RET00355,ORD00370,CUST120,PROD073,2023-11-13,Customer Changed Mind,432,202503.97,Rejected,37,Europe
RET00356,ORD00979,CUST117,PROD089,2022-05-13,Defective,215,63149.07,Rejected,30,Europe
RET00357,ORD04379,CUST138,PROD036,2024-03-23,Damaged in Transit,82,77436.63,Rejected,31,Asia Pacific
RET00358,ORD03675,CUST403,PROD102,2022-04-28,Wrong Item Shipped,88,6919.57,Refunded,16,Europe
RET00359,ORD03555,CUST327,PROD022,2023-03-11,Damaged in Transit,333,30093.74,Replaced,35,Asia Pacific
RET00360,ORD00783,CUST303,PROD058,2023-10-20,Defective,8,4316.12,Replaced,1,Asia Pacific
RET00361,ORD00118,CUST487,PROD076,2023-08-08,Damaged in Transit,173,137828.46,Replaced,9,Asia Pacific
RET00362,ORD02299,CUST309,PROD055,2023-08-04,Wrong Item Shipped,41,20148.79,Rejected,1,North America
RET00363,ORD00436,CUST101,PROD071,2024-03-23,Defective,111,109141.6,Replaced,23,Middle East
RET00364,ORD03624,CUST455,PROD083,2023-08-07,Customer Changed Mind,19,6892.96,Rejected,37,North America
RET00365,ORD01665,CUST196,PROD014,2022-11-24,Damaged in Transit,19,5054.34,Replaced,18,Middle East
RET00366,ORD03627,CUST445,PROD089,2022-04-01,Damaged in Transit,138,40566.52,Pending,4,Europe
RET00367,ORD01216,CUST230,PROD013,2024-08-18,Damaged in Transit,291,117880.58,Refunded,10,Asia Pacific
RET00368,ORD03476,CUST321,PROD043,2023-10-27,Defective,10,1238.85,Refunded,27,South Asia
RET00369,ORD00286,CUST272,PROD054,2024-09-09,Damaged in Transit,2,974.19,Refunded,2,North America
RET00370,ORD04148,CUST159,PROD004,2022-05-28,Wrong Item Shipped,24,9394.15,Rejected,4,Asia Pacific
RET00371,ORD02691,CUST428,PROD076,2023-05-08,Damaged in Transit,7,5673.29,Refunded,40,Europe
RET00372,ORD03032,CUST404,PROD012,2022-09-24,Warranty Claim,238,48194.98,Refunded,33,Asia Pacific
RET00373,ORD01845,CUST311,PROD038,2023-10-30,Warranty Claim,276,14563.08,Refunded,41,Asia Pacific
RET00374,ORD04753,CUST439,PROD101,2022-11-29,Defective,271,85795.44,Refunded,8,Europe
RET00375,ORD02642,CUST442,PROD035,2024-09-01,Defective,19,10880.99,Refunded,15,Asia Pacific
RET00376,ORD04579,CUST261,PROD096,2022-06-24,Damaged in Transit,267,94721.07,Pending,7,Asia Pacific
RET00377,ORD04480,CUST239,PROD081,2024-02-17,Damaged in Transit,2,425.32,Refunded,30,Middle East
RET00378,ORD00040,CUST412,PROD025,2024-01-09,Customer Changed Mind,169,37478.98,Refunded,45,Asia Pacific
RET00379,ORD01472,CUST107,PROD106,2024-11-18,Defective,6,3920.2,Refunded,24,Europe
RET00380,ORD02811,CUST094,PROD053,2024-10-13,Customer Changed Mind,48,22174.13,Pending,20,Asia Pacific
RET00381,ORD01583,CUST168,PROD010,2023-06-14,Defective,297,147408.23,Refunded,5,South Asia
RET00382,ORD00132,CUST416,PROD030,2024-06-07,Damaged in Transit,120,8895.37,Rejected,7,Asia Pacific
RET00383,ORD00013,CUST095,PROD071,2022-09-20,Damaged in Transit,149,136556.39,Refunded,37,North America
RET00384,ORD00219,CUST355,PROD096,2024-04-24,Warranty Claim,65,23197.01,Refunded,2,Europe
RET00385,ORD03992,CUST500,PROD082,2023-02-25,Customer Changed Mind,106,45235.45,Replaced,10,Asia Pacific
RET00386,ORD00843,CUST217,PROD008,2024-01-01,Wrong Item Shipped,143,66378.74,Pending,13,Europe
RET00387,ORD01587,CUST429,PROD046,2022-09-22,Defective,53,72434.55,Replaced,21,North America
RET00388,ORD02752,CUST342,PROD033,2023-09-20,Customer Changed Mind,306,82164.5,Refunded,3,North America
RET00389,ORD01266,CUST370,PROD001,2024-07-08,Wrong Item Shipped,19,5278.1,Refunded,14,Asia Pacific
RET00390,ORD00625,CUST395,PROD086,2023-12-22,Wrong Item Shipped,230,223237.24,Refunded,16,Asia Pacific
RET00391,ORD03297,CUST160,PROD023,2022-12-16,Defective,10,2323.6,Replaced,8,Asia Pacific
RET00392,ORD00967,CUST125,PROD113,2025-02-27,Damaged in Transit,273,82992.5,Pending,24,Europe
RET00393,ORD00996,CUST126,PROD032,2022-10-17,Defective,60,11035.18,Refunded,14,North America
RET00394,ORD01793,CUST473,PROD102,2022-04-25,Warranty Claim,96,8181.44,Refunded,6,Asia Pacific
RET00395,ORD00899,CUST410,PROD118,2024-07-31,Damaged in Transit,18,3198.96,Rejected,24,South Asia
RET00396,ORD04714,CUST249,PROD028,2022-11-25,Customer Changed Mind,188,26945.32,Pending,29,Asia Pacific
RET00397,ORD01630,CUST099,PROD025,2023-05-20,Defective,410,87682.23,Refunded,26,Asia Pacific
RET00398,ORD02317,CUST350,PROD047,2023-07-13,Wrong Item Shipped,101,12565.81,Rejected,34,Middle East
RET00399,ORD02264,CUST064,PROD084,2022-08-02,Defective,330,154547.02,Refunded,44,South Asia
RET00400,ORD02286,CUST186,PROD057,2023-12-02,Wrong Item Shipped,162,46403.59,Refunded,5,Europe
RET00401,ORD00399,CUST251,PROD072,2024-03-22,Wrong Item Shipped,82,23935.34,Replaced,34,Middle East
RET00402,ORD03092,CUST124,PROD071,2022-03-17,Defective,61,69545.76,Refunded,42,Asia Pacific
RET00403,ORD00070,CUST214,PROD088,2024-03-04,Damaged in Transit,58,21969.86,Refunded,34,Europe
RET00404,ORD01778,CUST213,PROD080,2023-08-17,Wrong Item Shipped,63,18854.36,Refunded,13,South Asia
RET00405,ORD02737,CUST336,PROD037,2023-12-16,Damaged in Transit,58,10143.4,Refunded,3,Europe
RET00406,ORD02824,CUST009,PROD035,2023-11-09,Warranty Claim,183,106435.65,Replaced,5,Europe
RET00407,ORD04330,CUST055,PROD046,2024-05-06,Defective,148,174493.76,Pending,22,Asia Pacific
RET00408,ORD02125,CUST235,PROD052,2023-06-12,Warranty Claim,60,11059.08,Replaced,21,Europe
RET00409,ORD01913,CUST066,PROD109,2024-06-18,Damaged in Transit,170,26600.86,Replaced,27,North America
RET00410,ORD03377,CUST386,PROD113,2024-01-23,Warranty Claim,49,13935.54,Replaced,24,Asia Pacific
RET00411,ORD01782,CUST234,PROD075,2022-03-12,Damaged in Transit,273,176872.68,Replaced,39,Europe
RET00412,ORD03487,CUST426,PROD077,2022-08-28,Customer Changed Mind,18,4200.19,Replaced,8,North America
RET00413,ORD01944,CUST287,PROD120,2024-08-21,Customer Changed Mind,276,165155.44,Rejected,4,South Asia
RET00414,ORD03860,CUST005,PROD022,2022-02-08,Damaged in Transit,67,6965.65,Rejected,36,Europe
RET00415,ORD02655,CUST368,PROD113,2023-05-20,Customer Changed Mind,24,8209.17,Replaced,6,North America
RET00416,ORD02361,CUST220,PROD118,2022-02-26,Wrong Item Shipped,225,41307.87,Replaced,31,Asia Pacific
RET00417,ORD03605,CUST377,PROD107,2023-06-13,Defective,22,3679.98,Replaced,5,Asia Pacific
RET00418,ORD03595,CUST493,PROD086,2022-07-26,Wrong Item Shipped,53,39943.2,Refunded,44,North America
RET00419,ORD01397,CUST020,PROD042,2024-04-04,Wrong Item Shipped,60,24879.49,Replaced,6,Middle East
RET00420,ORD02702,CUST346,PROD057,2024-12-21,Damaged in Transit,35,12908.63,Pending,2,North America
RET00421,ORD03656,CUST223,PROD047,2024-06-03,Defective,227,33884.41,Pending,1,South Asia
RET00422,ORD02785,CUST464,PROD113,2023-05-22,Damaged in Transit,32,9095.15,Replaced,29,Asia Pacific
RET00423,ORD00280,CUST414,PROD025,2023-03-12,Wrong Item Shipped,25,6074.93,Replaced,23,South Asia
RET00424,ORD00684,CUST189,PROD075,2024-04-16,Customer Changed Mind,338,194387.25,Replaced,43,Europe
RET00425,ORD00372,CUST208,PROD083,2022-07-26,Damaged in Transit,49,16792.03,Replaced,18,Middle East
RET00426,ORD02114,CUST463,PROD066,2022-12-19,Defective,77,83758.0,Refunded,3,Asia Pacific
RET00427,ORD01086,CUST471,PROD077,2022-09-08,Defective,116,27411.09,Pending,16,North America
RET00428,ORD02050,CUST082,PROD091,2023-06-24,Damaged in Transit,57,21442.46,Refunded,36,Asia Pacific
RET00429,ORD04789,CUST085,PROD068,2022-04-06,Defective,61,5677.69,Refunded,31,Europe
RET00430,ORD00325,CUST435,PROD048,2022-09-23,Defective,47,22047.96,Replaced,22,Asia Pacific
RET00431,ORD03309,CUST098,PROD048,2023-08-29,Damaged in Transit,266,114281.57,Replaced,8,Asia Pacific
RET00432,ORD03266,CUST161,PROD058,2022-03-30,Damaged in Transit,31,14586.94,Refunded,22,Asia Pacific
RET00433,ORD00858,CUST098,PROD001,2024-02-27,Wrong Item Shipped,361,92151.39,Pending,13,Asia Pacific
RET00434,ORD01399,CUST329,PROD050,2024-01-24,Warranty Claim,209,109677.91,Refunded,38,Middle East
RET00435,ORD00019,CUST472,PROD053,2022-02-25,Defective,390,172624.78,Refunded,29,Asia Pacific
RET00436,ORD01026,CUST280,PROD105,2024-02-09,Defective,120,21843.27,Refunded,16,Asia Pacific
RET00437,ORD00553,CUST178,PROD091,2022-04-23,Damaged in Transit,207,86340.93,Refunded,10,Asia Pacific
RET00438,ORD01787,CUST098,PROD086,2024-01-20,Warranty Claim,99,75127.65,Pending,34,Asia Pacific
RET00439,ORD03726,CUST431,PROD012,2023-05-06,Defective,57,9390.77,Refunded,33,Middle East
RET00440,ORD04719,CUST484,PROD117,2023-01-15,Customer Changed Mind,193,59669.49,Refunded,14,Europe
RET00441,ORD00853,CUST151,PROD094,2023-03-01,Damaged in Transit,37,6466.6,Rejected,32,Asia Pacific
RET00442,ORD03280,CUST481,PROD090,2024-07-16,Warranty Claim,18,7986.96,Rejected,23,North America
RET00443,ORD04639,CUST030,PROD055,2023-04-20,Defective,25,10460.13,Replaced,15,Asia Pacific
RET00444,ORD02552,CUST374,PROD007,2025-01-19,Defective,6,851.28,Rejected,25,Asia Pacific
RET00445,ORD01333,CUST326,PROD018,2024-12-09,Defective,55,23580.81,Refunded,26,North America
RET00446,ORD03970,CUST264,PROD051,2023-04-04,Customer Changed Mind,189,89621.46,Rejected,12,Asia Pacific
RET00447,ORD00691,CUST317,PROD072,2022-09-11,Wrong Item Shipped,109,30955.89,Replaced,19,Asia Pacific
RET00448,ORD01094,CUST431,PROD008,2022-12-30,Defective,358,147108.79,Replaced,40,Middle East
RET00449,ORD01847,CUST322,PROD015,2024-05-29,Defective,225,18722.26,Refunded,19,Europe
RET00450,ORD01149,CUST296,PROD083,2022-09-05,Customer Changed Mind,24,8278.36,Rejected,32,North America
RET00451,ORD00792,CUST212,PROD048,2025-01-29,Customer Changed Mind,30,11373.54,Refunded,10,Europe
RET00452,ORD02963,CUST372,PROD099,2022-11-06,Warranty Claim,51,19715.4,Refunded,27,Asia Pacific
RET00453,ORD04128,CUST394,PROD075,2024-03-15,Defective,239,134986.65,Refunded,23,Europe
RET00454,ORD01569,CUST084,PROD083,2023-02-28,Damaged in Transit,171,70302.75,Refunded,41,Europe
RET00455,ORD01202,CUST189,PROD120,2024-09-12,Warranty Claim,410,250635.15,Replaced,18,Europe
RET00456,ORD03308,CUST461,PROD066,2022-02-01,Defective,115,124120.5,Replaced,35,Asia Pacific
RET00457,ORD04537,CUST296,PROD098,2022-10-27,Wrong Item Shipped,236,57221.41,Refunded,13,North America
RET00458,ORD01316,CUST164,PROD004,2024-12-08,Wrong Item Shipped,129,47172.51,Refunded,2,North America
RET00459,ORD02873,CUST252,PROD113,2024-12-21,Defective,208,56194.74,Refunded,36,Asia Pacific
RET00460,ORD02474,CUST488,PROD111,2023-08-17,Customer Changed Mind,175,154132.65,Refunded,22,North America
RET00461,ORD03419,CUST292,PROD057,2022-10-09,Customer Changed Mind,19,6010.1,Refunded,20,Asia Pacific
RET00462,ORD02750,CUST243,PROD021,2024-12-12,Defective,420,87228.67,Refunded,7,Asia Pacific
RET00463,ORD00321,CUST013,PROD064,2024-10-30,Defective,64,41712.36,Rejected,12,Asia Pacific
RET00464,ORD04580,CUST263,PROD112,2022-04-13,Wrong Item Shipped,62,6075.2,Refunded,15,North America
RET00465,ORD02847,CUST270,PROD014,2023-05-24,Defective,220,61654.8,Replaced,29,Asia Pacific
RET00466,ORD00978,CUST341,PROD113,2022-09-18,Wrong Item Shipped,5,1520.22,Rejected,8,Asia Pacific
RET00467,ORD02367,CUST460,PROD082,2025-01-05,Defective,48,16885.81,Refunded,23,South Asia
RET00468,ORD00330,CUST161,PROD068,2022-03-31,Customer Changed Mind,411,37496.32,Pending,13,Asia Pacific
RET00469,ORD02072,CUST356,PROD027,2023-10-28,Wrong Item Shipped,82,21355.35,Refunded,33,Asia Pacific
RET00470,ORD04019,CUST282,PROD035,2023-07-12,Damaged in Transit,326,224756.25,Rejected,5,Europe
RET00471,ORD01271,CUST485,PROD103,2023-11-10,Damaged in Transit,11,1835.31,Rejected,19,Europe
RET00472,ORD01109,CUST350,PROD048,2023-06-23,Defective,129,59522.94,Refunded,7,Middle East
RET00473,ORD01344,CUST249,PROD029,2022-07-12,Customer Changed Mind,10,3328.31,Refunded,4,Asia Pacific
RET00474,ORD00594,CUST093,PROD091,2023-11-03,Damaged in Transit,43,18787.58,Pending,37,Asia Pacific
RET00475,ORD04645,CUST157,PROD026,2023-02-05,Damaged in Transit,257,85588.9,Refunded,9,South Asia
RET00476,ORD01798,CUST382,PROD071,2023-12-16,Wrong Item Shipped,240,231878.79,Rejected,19,North America
RET00477,ORD04423,CUST250,PROD099,2022-08-10,Damaged in Transit,4,1538.59,Rejected,25,Asia Pacific
RET00478,ORD00500,CUST251,PROD076,2024-07-23,Defective,156,134024.62,Replaced,1,Middle East
RET00479,ORD03277,CUST311,PROD035,2022-11-02,Defective,9,5001.76,Refunded,43,Asia Pacific
RET00480,ORD01834,CUST038,PROD011,2023-05-10,Defective,51,46172.85,Refunded,4,Europe
RET00481,ORD02311,CUST021,PROD082,2022-06-06,Defective,4,1457.49,Replaced,18,Middle East
RET00482,ORD00928,CUST018,PROD024,2024-01-31,Customer Changed Mind,278,180888.18,Refunded,7,South Asia
RET00483,ORD04093,CUST078,PROD036,2024-08-29,Defective,108,90122.33,Refunded,19,Europe
RET00484,ORD01976,CUST089,PROD064,2023-03-26,Customer Changed Mind,334,203465.84,Refunded,23,North America
RET00485,ORD02493,CUST300,PROD055,2022-04-12,Customer Changed Mind,127,62269.12,Refunded,28,Asia Pacific
RET00486,ORD00638,CUST291,PROD107,2022-07-08,Customer Changed Mind,12,1833.3,Refunded,29,North America
RET00487,ORD03699,CUST445,PROD009,2022-09-15,Customer Changed Mind,423,108805.68,Rejected,6,Europe
RET00488,ORD04370,CUST053,PROD062,2022-11-01,Defective,84,14536.74,Pending,44,Asia Pacific
RET00489,ORD00761,CUST034,PROD008,2024-04-13,Warranty Claim,309,174799.76,Refunded,27,Asia Pacific
RET00490,ORD02913,CUST035,PROD050,2024-04-21,Damaged in Transit,87,42228.47,Rejected,4,Middle East
RET00491,ORD03427,CUST041,PROD071,2023-09-27,Customer Changed Mind,54,49983.1,Refunded,23,North America
RET00492,ORD04040,CUST271,PROD017,2024-09-19,Damaged in Transit,46,12478.84,Replaced,30,Europe
RET00493,ORD03315,CUST159,PROD084,2024-11-21,Defective,274,134536.77,Refunded,45,Asia Pacific
RET00494,ORD02495,CUST304,PROD120,2022-05-03,Customer Changed Mind,7,4256.85,Pending,24,Middle East
RET00495,ORD04736,CUST165,PROD077,2022-03-03,Damaged in Transit,197,49755.42,Refunded,32,Asia Pacific
RET00496,ORD02031,CUST325,PROD093,2023-11-22,Warranty Claim,42,18153.28,Replaced,11,Europe
RET00497,ORD03741,CUST052,PROD025,2023-05-30,Customer Changed Mind,20,3981.93,Refunded,30,North America
RET00498,ORD03778,CUST174,PROD105,2022-11-18,Customer Changed Mind,66,10873.79,Refunded,26,Middle East
RET00499,ORD03889,CUST173,PROD020,2023-05-02,Wrong Item Shipped,1,334.54,Refunded,16,Europe
RET00500,ORD01873,CUST276,PROD049,2023-02-08,Wrong Item Shipped,17,8920.16,Refunded,43,Europe
RET00501,ORD04305,CUST223,PROD020,2022-07-23,Customer Changed Mind,121,34849.71,Rejected,6,South Asia
RET00502,ORD00258,CUST421,PROD074,2024-09-17,Wrong Item Shipped,12,4514.1,Refunded,25,North America
RET00503,ORD00147,CUST069,PROD010,2022-08-30,Warranty Claim,47,25709.55,Refunded,20,North America
RET00504,ORD02653,CUST286,PROD097,2023-11-12,Damaged in Transit,72,25348.03,Refunded,10,Asia Pacific
RET00505,ORD01392,CUST180,PROD056,2023-12-08,Defective,25,6142.26,Refunded,39,Asia Pacific
RET00506,ORD03207,CUST438,PROD011,2025-02-19,Customer Changed Mind,12,13166.94,Replaced,1,North America
RET00507,ORD03420,CUST139,PROD115,2023-05-24,Defective,12,6389.93,Refunded,44,Europe
RET00508,ORD02077,CUST066,PROD026,2025-02-03,Damaged in Transit,33,11536.32,Refunded,11,North America
RET00509,ORD01439,CUST444,PROD111,2023-09-25,Damaged in Transit,46,43017.3,Refunded,12,Europe
RET00510,ORD01615,CUST043,PROD073,2024-07-02,Customer Changed Mind,82,32255.91,Refunded,20,Asia Pacific
RET00511,ORD00800,CUST431,PROD020,2023-02-03,Damaged in Transit,164,44080.78,Pending,12,Middle East
RET00512,ORD04233,CUST288,PROD032,2023-04-30,Warranty Claim,40,6714.94,Replaced,44,North America
RET00513,ORD01994,CUST326,PROD089,2024-07-10,Defective,104,31151.09,Refunded,16,North America
RET00514,ORD02626,CUST239,PROD117,2022-08-23,Defective,4,1060.65,Replaced,15,Middle East
RET00515,ORD00249,CUST438,PROD082,2024-05-13,Damaged in Transit,40,14303.95,Refunded,26,North America
RET00516,ORD03921,CUST194,PROD050,2022-09-13,Wrong Item Shipped,91,45481.6,Pending,11,Asia Pacific
RET00517,ORD03371,CUST279,PROD043,2023-02-11,Wrong Item Shipped,2,290.19,Refunded,3,Europe
RET00518,ORD01362,CUST019,PROD089,2024-06-25,Defective,241,73600.31,Replaced,2,Europe
RET00519,ORD00518,CUST210,PROD112,2024-12-27,Damaged in Transit,12,1096.4,Rejected,44,Asia Pacific
RET00520,ORD03273,CUST407,PROD105,2023-11-12,Damaged in Transit,173,28332.88,Replaced,19,Middle East
RET00521,ORD00635,CUST103,PROD051,2022-11-01,Customer Changed Mind,126,59639.75,Rejected,32,Asia Pacific
RET00522,ORD02234,CUST142,PROD047,2022-12-31,Damaged in Transit,105,14169.14,Rejected,23,Asia Pacific
RET00523,ORD00128,CUST206,PROD026,2022-12-23,Customer Changed Mind,147,44003.23,Pending,44,Europe
RET00524,ORD02133,CUST368,PROD054,2024-11-20,Damaged in Transit,111,53186.72,Pending,24,North America
RET00525,ORD01072,CUST107,PROD099,2024-03-01,Warranty Claim,275,104233.71,Rejected,13,Europe
RET00526,ORD03755,CUST326,PROD094,2022-06-16,Warranty Claim,85,17206.83,Pending,1,North America
RET00527,ORD02395,CUST485,PROD071,2023-01-13,Wrong Item Shipped,46,47390.83,Refunded,39,Europe
RET00528,ORD01507,CUST084,PROD027,2022-07-27,Warranty Claim,37,10878.32,Rejected,5,Europe
RET00529,ORD04421,CUST095,PROD013,2023-11-26,Wrong Item Shipped,103,39300.72,Replaced,43,North America
RET00530,ORD02800,CUST334,PROD019,2023-09-03,Wrong Item Shipped,244,40858.41,Replaced,13,Asia Pacific
RET00531,ORD01029,CUST197,PROD078,2023-07-14,Damaged in Transit,7,1017.51,Refunded,37,Middle East
RET00532,ORD04002,CUST075,PROD074,2023-07-22,Damaged in Transit,191,75100.5,Refunded,8,Europe
RET00533,ORD04862,CUST149,PROD114,2022-10-30,Damaged in Transit,227,79409.89,Replaced,40,North America
RET00534,ORD03044,CUST194,PROD072,2024-10-30,Defective,42,12519.26,Refunded,30,Asia Pacific
RET00535,ORD02999,CUST172,PROD012,2024-12-18,Warranty Claim,189,34281.5,Refunded,44,Asia Pacific
RET00536,ORD03568,CUST428,PROD043,2024-06-21,Defective,200,30097.34,Refunded,28,Europe
RET00537,ORD02583,CUST092,PROD120,2023-04-16,Damaged in Transit,255,143267.17,Refunded,29,Middle East
RET00538,ORD02167,CUST044,PROD091,2022-12-25,Wrong Item Shipped,335,119976.9,Pending,36,South Asia
RET00539,ORD01857,CUST025,PROD054,2023-09-30,Customer Changed Mind,297,120419.94,Refunded,20,Asia Pacific
RET00540,ORD03649,CUST429,PROD066,2024-09-21,Damaged in Transit,102,112594.6,Refunded,5,North America
RET00541,ORD02860,CUST317,PROD057,2023-04-30,Wrong Item Shipped,231,66259.2,Replaced,7,Asia Pacific
RET00542,ORD04900,CUST500,PROD094,2023-09-06,Damaged in Transit,232,44356.95,Refunded,30,Asia Pacific
RET00543,ORD04703,CUST266,PROD105,2023-10-12,Customer Changed Mind,46,8399.34,Replaced,38,Asia Pacific
RET00544,ORD02926,CUST497,PROD089,2025-01-13,Wrong Item Shipped,176,50499.17,Pending,7,Middle East
RET00545,ORD00893,CUST286,PROD005,2024-08-29,Defective,89,27844.51,Refunded,11,Asia Pacific
RET00546,ORD03686,CUST098,PROD120,2023-04-02,Wrong Item Shipped,112,60061.62,Replaced,11,Asia Pacific
RET00547,ORD04528,CUST243,PROD087,2022-07-05,Wrong Item Shipped,161,77674.68,Refunded,20,Asia Pacific
RET00548,ORD00452,CUST387,PROD112,2022-07-11,Warranty Claim,69,6404.69,Refunded,33,South Asia
RET00549,ORD01698,CUST396,PROD077,2024-06-06,Defective,94,23234.31,Replaced,15,South Asia
RET00550,ORD04392,CUST151,PROD016,2022-11-06,Damaged in Transit,66,17690.46,Replaced,4,Asia Pacific
RET00551,ORD00427,CUST473,PROD071,2023-10-16,Damaged in Transit,44,41173.99,Rejected,10,Asia Pacific
RET00552,ORD04026,CUST244,PROD081,2023-03-17,Wrong Item Shipped,78,19691.11,Refunded,38,North America
RET00553,ORD00083,CUST133,PROD114,2025-01-23,Customer Changed Mind,74,26742.35,Refunded,40,Asia Pacific
RET00554,ORD02064,CUST343,PROD043,2024-05-24,Defective,39,6444.24,Refunded,3,Asia Pacific
RET00555,ORD00530,CUST394,PROD032,2022-05-20,Damaged in Transit,85,13238.48,Rejected,24,Europe
RET00556,ORD04737,CUST028,PROD049,2024-07-24,Damaged in Transit,190,106676.21,Replaced,2,Europe
RET00557,ORD02123,CUST197,PROD056,2024-01-10,Damaged in Transit,440,86244.58,Refunded,23,Middle East
RET00558,ORD03404,CUST369,PROD019,2022-08-06,Damaged in Transit,25,4314.63,Refunded,42,South Asia
RET00559,ORD01605,CUST295,PROD025,2023-07-19,Customer Changed Mind,184,33793.89,Refunded,19,Middle East
RET00560,ORD02593,CUST439,PROD080,2022-12-27,Defective,7,1966.95,Replaced,8,Europe
RET00561,ORD01720,CUST395,PROD053,2022-06-12,Damaged in Transit,206,97425.64,Pending,26,Asia Pacific
RET00562,ORD03126,CUST466,PROD075,2024-01-15,Damaged in Transit,69,38896.71,Rejected,18,Middle East
RET00563,ORD03617,CUST090,PROD020,2024-01-28,Warranty Claim,89,32442.51,Rejected,44,Asia Pacific
RET00564,ORD04344,CUST148,PROD107,2023-06-05,Wrong Item Shipped,45,5894.55,Replaced,9,South Asia
RET00565,ORD00245,CUST245,PROD089,2023-08-23,Defective,322,105857.97,Replaced,40,Europe
RET00566,ORD01581,CUST273,PROD072,2024-05-01,Wrong Item Shipped,3,905.17,Replaced,36,South Asia
RET00567,ORD02278,CUST147,PROD120,2024-07-01,Defective,112,69541.42,Pending,9,South Asia
RET00568,ORD01995,CUST035,PROD115,2024-09-30,Damaged in Transit,148,62497.36,Refunded,33,Middle East
RET00569,ORD04947,CUST151,PROD023,2023-07-01,Damaged in Transit,10,2923.11,Rejected,11,Asia Pacific
RET00570,ORD04817,CUST133,PROD082,2024-12-13,Defective,104,40574.79,Rejected,42,Asia Pacific
RET00571,ORD00046,CUST499,PROD023,2024-01-29,Customer Changed Mind,6,1553.26,Rejected,41,Asia Pacific
RET00572,ORD03697,CUST250,PROD043,2024-06-02,Damaged in Transit,78,10672.75,Refunded,24,Asia Pacific
RET00573,ORD00524,CUST218,PROD023,2024-09-30,Damaged in Transit,26,6217.54,Pending,24,Asia Pacific
RET00574,ORD03498,CUST112,PROD062,2024-08-27,Defective,214,41623.79,Refunded,32,North America
RET00575,ORD03855,CUST133,PROD066,2024-02-03,Warranty Claim,61,51667.52,Refunded,33,Asia Pacific
RET00576,ORD00580,CUST452,PROD047,2023-08-07,Defective,78,10573.58,Refunded,40,South Asia
RET00577,ORD02982,CUST110,PROD002,2024-09-28,Warranty Claim,318,127683.14,Rejected,17,Middle East
RET00578,ORD00061,CUST174,PROD028,2023-06-11,Damaged in Transit,108,15135.08,Refunded,26,Middle East
RET00579,ORD00209,CUST403,PROD036,2024-03-20,Damaged in Transit,23,18294.23,Refunded,45,Europe
RET00580,ORD01623,CUST066,PROD097,2022-10-27,Damaged in Transit,336,126621.21,Rejected,33,North America
RET00581,ORD00575,CUST376,PROD075,2024-05-03,Customer Changed Mind,89,57185.41,Replaced,2,Asia Pacific
RET00582,ORD02467,CUST215,PROD113,2023-10-27,Customer Changed Mind,107,35744.08,Replaced,2,Asia Pacific
RET00583,ORD01794,CUST334,PROD041,2024-05-21,Wrong Item Shipped,170,125241.61,Refunded,14,Asia Pacific
RET00584,ORD02343,CUST091,PROD050,2024-08-03,Damaged in Transit,1,542.6,Refunded,21,Asia Pacific
RET00585,ORD02680,CUST293,PROD047,2024-03-22,Wrong Item Shipped,17,2070.51,Rejected,23,Europe
RET00586,ORD02803,CUST145,PROD072,2023-01-12,Defective,90,25924.32,Rejected,22,Middle East
RET00587,ORD02330,CUST489,PROD023,2024-06-22,Damaged in Transit,6,1775.99,Refunded,36,South Asia
RET00588,ORD03986,CUST331,PROD043,2022-10-14,Defective,11,1666.37,Refunded,1,Middle East
RET00589,ORD01150,CUST213,PROD076,2023-08-16,Defective,1,809.29,Pending,32,South Asia
RET00590,ORD00028,CUST185,PROD036,2022-09-15,Wrong Item Shipped,333,258355.89,Rejected,29,Asia Pacific
RET00591,ORD03023,CUST171,PROD053,2025-02-01,Warranty Claim,16,7067.62,Refunded,5,Asia Pacific
RET00592,ORD03998,CUST384,PROD081,2024-06-27,Customer Changed Mind,75,19461.7,Pending,36,North America
RET00593,ORD04311,CUST406,PROD077,2022-04-24,Warranty Claim,342,86570.9,Pending,25,Asia Pacific
RET00594,ORD02270,CUST248,PROD073,2023-12-15,Defective,100,53228.5,Refunded,22,Middle East
RET00595,ORD03248,CUST087,PROD026,2024-06-23,Defective,67,18948.55,Refunded,5,Europe
RET00596,ORD04653,CUST403,PROD090,2024-01-02,Damaged in Transit,80,29289.04,Refunded,3,Europe
RET00597,ORD00789,CUST473,PROD009,2024-03-13,Damaged in Transit,283,72175.47,Refunded,24,Asia Pacific
RET00598,ORD04118,CUST359,PROD087,2023-05-13,Defective,35,15913.79,Rejected,33,Europe
RET00599,ORD03101,CUST146,PROD027,2022-12-02,Defective,258,57496.46,Refunded,28,Europe
RET00600,ORD02243,CUST053,PROD087,2022-03-04,Warranty Claim,304,142205.07,Rejected,21,Asia Pacific
RET00601,ORD02339,CUST088,PROD073,2022-09-25,Defective,25,11249.6,Refunded,16,Europe
RET00602,ORD01966,CUST491,PROD010,2025-01-07,Customer Changed Mind,36,20608.54,Refunded,11,Asia Pacific
RET00603,ORD04897,CUST025,PROD072,2023-01-29,Damaged in Transit,89,22529.8,Rejected,6,Asia Pacific
RET00604,ORD00158,CUST067,PROD005,2025-02-19,Warranty Claim,103,28846.74,Rejected,19,Europe
RET00605,ORD03214,CUST046,PROD075,2022-12-23,Defective,38,19709.25,Refunded,38,Asia Pacific
RET00606,ORD03185,CUST130,PROD041,2022-11-11,Defective,168,152947.59,Rejected,18,Europe
RET00607,ORD02991,CUST393,PROD043,2024-08-11,Damaged in Transit,12,1778.53,Rejected,44,Europe
RET00608,ORD04511,CUST296,PROD061,2024-05-19,Defective,157,58196.24,Refunded,10,North America
RET00609,ORD03898,CUST378,PROD008,2022-09-26,Defective,327,151396.16,Pending,12,Asia Pacific
RET00610,ORD02957,CUST120,PROD096,2024-01-20,Damaged in Transit,121,41157.05,Refunded,33,Europe
RET00611,ORD00880,CUST139,PROD025,2024-03-09,Customer Changed Mind,157,32274.24,Pending,15,Europe
RET00612,ORD04033,CUST378,PROD081,2022-09-27,Customer Changed Mind,96,19535.92,Refunded,12,Asia Pacific
RET00613,ORD02766,CUST391,PROD056,2024-02-25,Wrong Item Shipped,75,16364.25,Refunded,5,Europe
RET00614,ORD00574,CUST113,PROD054,2024-02-22,Warranty Claim,293,117058.36,Refunded,1,Europe
RET00615,ORD03551,CUST146,PROD103,2022-07-03,Wrong Item Shipped,15,2597.89,Refunded,38,Europe
RET00616,ORD04907,CUST408,PROD064,2024-12-29,Defective,218,128798.86,Refunded,34,Asia Pacific
RET00617,ORD02400,CUST031,PROD032,2024-12-04,Damaged in Transit,66,12318.49,Replaced,12,North America
RET00618,ORD03333,CUST336,PROD115,2022-08-09,Warranty Claim,190,85410.98,Replaced,30,Europe
RET00619,ORD03385,CUST498,PROD046,2024-11-19,Wrong Item Shipped,29,32063.96,Rejected,11,Europe
RET00620,ORD02251,CUST339,PROD052,2022-07-13,Wrong Item Shipped,196,39897.47,Rejected,9,North America
RET00621,ORD04408,CUST266,PROD018,2024-04-29,Defective,98,42477.12,Refunded,44,Asia Pacific
RET00622,ORD04802,CUST082,PROD096,2024-01-06,Damaged in Transit,373,128221.19,Pending,7,Asia Pacific
RET00623,ORD03751,CUST224,PROD045,2024-09-29,Customer Changed Mind,255,123782.38,Replaced,17,Asia Pacific
RET00624,ORD00753,CUST124,PROD079,2024-11-04,Defective,74,20376.83,Refunded,26,Asia Pacific
RET00625,ORD01731,CUST022,PROD046,2023-06-05,Customer Changed Mind,69,90531.31,Rejected,27,Middle East
RET00626,ORD00119,CUST206,PROD014,2023-11-07,Damaged in Transit,133,44792.64,Refunded,33,Europe
RET00627,ORD02449,CUST071,PROD017,2022-07-15,Damaged in Transit,10,2319.46,Refunded,39,Europe
RET00628,ORD01602,CUST271,PROD041,2024-10-24,Warranty Claim,35,32932.68,Replaced,5,Europe
RET00629,ORD03550,CUST433,PROD010,2024-05-15,Defective,240,148865.3,Refunded,37,Asia Pacific
RET00630,ORD01786,CUST327,PROD052,2024-12-18,Warranty Claim,63,12736.63,Refunded,9,Asia Pacific
RET00631,ORD03834,CUST282,PROD103,2024-08-26,Customer Changed Mind,75,14776.28,Refunded,23,Europe
RET00632,ORD02543,CUST447,PROD010,2023-02-27,Warranty Claim,55,34260.89,Pending,30,Middle East
RET00633,ORD00007,CUST475,PROD051,2024-02-19,Damaged in Transit,45,19836.43,Pending,36,North America
RET00634,ORD00939,CUST126,PROD015,2023-02-20,Damaged in Transit,65,5113.76,Refunded,1,North America
RET00635,ORD03233,CUST150,PROD038,2022-11-04,Wrong Item Shipped,198,12680.6,Pending,8,Europe
RET00636,ORD01919,CUST359,PROD007,2022-03-13,Defective,52,8639.4,Refunded,1,Europe
RET00637,ORD03922,CUST031,PROD033,2022-04-04,Defective,61,15037.1,Refunded,10,North America
RET00638,ORD04856,CUST453,PROD051,2022-12-01,Damaged in Transit,3,1198.2,Refunded,7,Asia Pacific
RET00639,ORD04949,CUST274,PROD042,2024-12-19,Wrong Item Shipped,13,5298.05,Replaced,38,Middle East
RET00640,ORD04339,CUST208,PROD112,2024-03-26,Damaged in Transit,179,14824.64,Rejected,3,Middle East
RET00641,ORD00333,CUST368,PROD037,2022-03-10,Defective,1,182.16,Refunded,42,North America
RET00642,ORD02600,CUST160,PROD088,2024-04-19,Defective,23,8070.8,Pending,7,Asia Pacific
RET00643,ORD02671,CUST380,PROD077,2023-11-22,Wrong Item Shipped,77,21214.35,Replaced,8,Europe
RET00644,ORD01553,CUST129,PROD114,2024-07-06,Customer Changed Mind,34,13636.97,Refunded,34,North America
RET00645,ORD01442,CUST410,PROD062,2022-10-26,Damaged in Transit,64,12840.99,Replaced,40,South Asia
RET00646,ORD02801,CUST279,PROD102,2023-10-08,Defective,11,1016.07,Refunded,42,Europe
RET00647,ORD01445,CUST488,PROD001,2022-11-20,Damaged in Transit,91,23790.67,Pending,32,North America
RET00648,ORD04031,CUST242,PROD101,2022-05-08,Damaged in Transit,65,19946.04,Refunded,32,Asia Pacific
RET00649,ORD00796,CUST251,PROD068,2024-04-12,Wrong Item Shipped,150,13320.03,Refunded,5,Middle East
RET00650,ORD02589,CUST395,PROD076,2023-04-14,Customer Changed Mind,41,34248.63,Replaced,27,Asia Pacific
RET00651,ORD00685,CUST495,PROD088,2024-08-25,Damaged in Transit,25,9270.99,Refunded,13,North America
RET00652,ORD02764,CUST196,PROD009,2022-05-04,Warranty Claim,7,1751.37,Pending,42,Middle East
RET00653,ORD00805,CUST189,PROD025,2024-03-19,Damaged in Transit,341,76597.2,Pending,12,Europe
RET00654,ORD02573,CUST155,PROD052,2024-06-27,Damaged in Transit,384,76553.2,Pending,10,South Asia
RET00655,ORD02622,CUST334,PROD090,2022-12-19,Damaged in Transit,154,57006.95,Pending,1,Asia Pacific
RET00656,ORD04372,CUST245,PROD107,2024-08-14,Wrong Item Shipped,338,54525.98,Replaced,21,Europe
RET00657,ORD02309,CUST094,PROD095,2024-01-03,Damaged in Transit,97,20495.67,Replaced,7,Asia Pacific
RET00658,ORD00228,CUST298,PROD074,2025-01-14,Customer Changed Mind,51,21882.76,Pending,10,Middle East
RET00659,ORD03187,CUST178,PROD046,2022-10-06,Wrong Item Shipped,10,12534.39,Refunded,17,Asia Pacific
RET00660,ORD04175,CUST102,PROD013,2022-06-21,Damaged in Transit,13,5739.78,Pending,37,North America
RET00661,ORD01023,CUST166,PROD041,2024-11-05,Wrong Item Shipped,18,17667.86,Rejected,1,Asia Pacific
RET00662,ORD00442,CUST343,PROD054,2024-05-22,Defective,139,73578.26,Pending,42,Asia Pacific
RET00663,ORD01255,CUST418,PROD102,2023-12-02,Wrong Item Shipped,186,17540.7,Refunded,13,South Asia
RET00664,ORD02139,CUST099,PROD088,2022-04-17,Wrong Item Shipped,32,13315.49,Pending,23,Asia Pacific
RET00665,ORD03576,CUST165,PROD043,2024-04-22,Defective,21,3518.87,Replaced,28,Asia Pacific
RET00666,ORD00361,CUST229,PROD014,2023-02-18,Wrong Item Shipped,41,11944.95,Refunded,42,Asia Pacific
RET00667,ORD02964,CUST222,PROD036,2024-10-29,Defective,60,45671.73,Refunded,19,North America
RET00668,ORD00930,CUST435,PROD098,2023-08-23,Defective,46,12342.62,Replaced,32,Asia Pacific
RET00669,ORD04493,CUST017,PROD033,2023-01-11,Wrong Item Shipped,8,1731.96,Replaced,10,North America
RET00670,ORD00375,CUST338,PROD055,2022-10-04,Defective,372,190850.46,Refunded,18,Asia Pacific
RET00671,ORD01757,CUST493,PROD029,2023-02-03,Defective,86,24745.4,Refunded,8,North America
RET00672,ORD03756,CUST261,PROD048,2022-03-31,Warranty Claim,73,33643.24,Replaced,16,Asia Pacific
RET00673,ORD03479,CUST250,PROD015,2024-10-04,Customer Changed Mind,5,325.47,Rejected,35,Asia Pacific
RET00674,ORD04306,CUST160,PROD106,2025-04-03,Defective,184,111169.01,Pending,44,Asia Pacific
RET00675,ORD02932,CUST255,PROD076,2022-12-18,Warranty Claim,142,110060.16,Rejected,38,South Asia
RET00676,ORD04109,CUST027,PROD016,2024-01-17,Wrong Item Shipped,11,3287.68,Pending,17,Europe
RET00677,ORD03772,CUST334,PROD046,2023-11-27,Damaged in Transit,19,21456.97,Rejected,23,Asia Pacific
RET00678,ORD04765,CUST119,PROD061,2024-06-29,Damaged in Transit,186,78108.39,Replaced,26,Middle East
RET00679,ORD04157,CUST046,PROD001,2024-01-05,Defective,71,20560.5,Refunded,40,Asia Pacific
RET00680,ORD03781,CUST334,PROD118,2023-09-18,Defective,107,18070.34,Pending,23,Asia Pacific
RET00681,ORD02643,CUST283,PROD084,2023-07-19,Defective,185,83552.25,Rejected,23,Middle East
RET00682,ORD00884,CUST085,PROD007,2024-02-03,Defective,285,49295.41,Refunded,45,Europe
RET00683,ORD02069,CUST416,PROD080,2024-03-03,Wrong Item Shipped,11,3169.81,Pending,7,Asia Pacific
RET00684,ORD00266,CUST016,PROD087,2024-03-26,Warranty Claim,53,28382.8,Refunded,12,North America
RET00685,ORD00950,CUST074,PROD114,2024-02-03,Damaged in Transit,102,32824.46,Refunded,22,North America
RET00686,ORD02308,CUST425,PROD037,2024-09-10,Damaged in Transit,13,2394.87,Refunded,17,Europe
RET00687,ORD04538,CUST001,PROD042,2023-04-27,Customer Changed Mind,113,47684.98,Refunded,13,Europe
RET00688,ORD02607,CUST488,PROD008,2022-08-24,Wrong Item Shipped,50,26243.93,Pending,38,North America
RET00689,ORD01380,CUST285,PROD098,2024-11-24,Defective,62,15590.38,Refunded,14,Europe
RET00690,ORD01544,CUST184,PROD052,2023-04-08,Damaged in Transit,100,19853.77,Pending,7,Europe
RET00691,ORD03985,CUST360,PROD047,2024-01-30,Customer Changed Mind,30,3892.18,Rejected,19,Asia Pacific
RET00692,ORD01102,CUST155,PROD049,2022-04-23,Wrong Item Shipped,28,13147.36,Pending,39,South Asia
RET00693,ORD00357,CUST210,PROD086,2023-10-24,Damaged in Transit,196,152899.78,Rejected,7,Asia Pacific
RET00694,ORD00650,CUST037,PROD089,2024-08-27,Damaged in Transit,425,120724.08,Refunded,27,North America
RET00695,ORD00415,CUST476,PROD004,2024-12-14,Customer Changed Mind,20,7837.3,Rejected,17,Europe
RET00696,ORD02246,CUST176,PROD090,2023-03-19,Wrong Item Shipped,12,4483.79,Rejected,34,Asia Pacific
RET00697,ORD01753,CUST472,PROD038,2025-02-10,Damaged in Transit,38,2183.45,Refunded,11,Asia Pacific
RET00698,ORD01559,CUST072,PROD108,2023-03-26,Wrong Item Shipped,53,9329.9,Replaced,9,Europe
RET00699,ORD01878,CUST216,PROD053,2024-10-06,Wrong Item Shipped,36,18988.05,Replaced,39,Asia Pacific
RET00700,ORD04117,CUST434,PROD097,2023-05-22,Damaged in Transit,23,7543.58,Rejected,3,North America
RET00701,ORD03693,CUST027,PROD087,2022-08-31,Wrong Item Shipped,42,18783.04,Replaced,23,Europe
RET00702,ORD03924,CUST064,PROD041,2023-07-06,Damaged in Transit,84,71166.33,Refunded,40,South Asia
RET00703,ORD00315,CUST252,PROD024,2022-05-27,Defective,235,147149.36,Refunded,4,Asia Pacific
RET00704,ORD04643,CUST207,PROD061,2022-06-12,Defective,118,43610.99,Replaced,45,Asia Pacific
RET00705,ORD03794,CUST211,PROD118,2024-06-12,Defective,67,13672.79,Refunded,16,Asia Pacific
RET00706,ORD04904,CUST406,PROD071,2023-10-30,Customer Changed Mind,11,9919.55,Pending,21,Asia Pacific
RET00707,ORD01714,CUST269,PROD054,2024-02-26,Defective,94,47701.93,Refunded,25,Europe
RET00708,ORD00747,CUST120,PROD001,2023-06-14,Defective,138,42311.1,Refunded,5,Europe
RET00709,ORD02118,CUST311,PROD080,2023-07-18,Damaged in Transit,77,24155.9,Refunded,1,Asia Pacific
RET00710,ORD00205,CUST199,PROD095,2024-09-02,Damaged in Transit,74,12903.21,Refunded,32,Asia Pacific
RET00711,ORD02294,CUST028,PROD024,2023-06-08,Defective,159,105762.31,Pending,37,Europe
RET00712,ORD00218,CUST495,PROD050,2023-07-01,Warranty Claim,172,78807.35,Refunded,20,North America
RET00713,ORD03283,CUST414,PROD017,2023-01-03,Defective,21,5814.24,Refunded,11,South Asia
RET00714,ORD02117,CUST481,PROD084,2023-03-06,Damaged in Transit,15,6683.23,Rejected,33,North America
RET00715,ORD00432,CUST069,PROD052,2024-12-08,Wrong Item Shipped,119,21223.65,Rejected,36,North America
RET00716,ORD04657,CUST354,PROD085,2023-02-13,Wrong Item Shipped,11,4860.37,Pending,32,Asia Pacific
RET00717,ORD00226,CUST229,PROD106,2023-08-04,Customer Changed Mind,75,45471.86,Pending,19,Asia Pacific
RET00718,ORD02392,CUST414,PROD111,2023-03-10,Customer Changed Mind,45,40066.65,Refunded,39,South Asia
RET00719,ORD04766,CUST262,PROD102,2023-07-28,Defective,8,668.23,Refunded,44,South Asia
RET00720,ORD00332,CUST409,PROD113,2023-07-21,Warranty Claim,98,29175.33,Refunded,45,South Asia
RET00721,ORD02363,CUST161,PROD071,2022-10-29,Damaged in Transit,105,105304.76,Refunded,18,Asia Pacific
RET00722,ORD02161,CUST475,PROD105,2022-11-15,Customer Changed Mind,154,27551.05,Pending,36,North America
RET00723,ORD01384,CUST317,PROD076,2024-10-31,Defective,21,14557.87,Pending,42,Asia Pacific
RET00724,ORD04978,CUST387,PROD118,2023-08-05,Wrong Item Shipped,52,8705.25,Refunded,24,South Asia
RET00725,ORD03829,CUST155,PROD112,2023-06-06,Customer Changed Mind,50,4134.23,Refunded,32,South Asia
RET00726,ORD00060,CUST475,PROD062,2022-04-19,Defective,24,4884.99,Refunded,9,North America
RET00727,ORD02683,CUST365,PROD113,2023-03-05,Defective,112,32600.0,Replaced,24,Middle East
RET00728,ORD01856,CUST062,PROD052,2022-03-15,Damaged in Transit,224,47846.61,Replaced,15,Middle East
RET00729,ORD02929,CUST391,PROD053,2024-09-27,Customer Changed Mind,338,153391.27,Replaced,45,Europe
RET00730,ORD03204,CUST458,PROD037,2025-01-09,Damaged in Transit,44,8870.22,Pending,22,Europe
RET00731,ORD01643,CUST321,PROD094,2023-02-01,Wrong Item Shipped,26,5019.44,Replaced,34,South Asia
RET00732,ORD01304,CUST168,PROD101,2022-11-04,Damaged in Transit,297,77482.63,Refunded,10,South Asia
RET00733,ORD04882,CUST098,PROD093,2022-05-15,Customer Changed Mind,51,21270.56,Refunded,2,Asia Pacific
RET00734,ORD00963,CUST447,PROD009,2023-10-08,Damaged in Transit,144,41058.29,Refunded,42,Middle East
RET00735,ORD03391,CUST188,PROD026,2022-10-15,Damaged in Transit,9,2641.77,Refunded,39,South Asia
RET00736,ORD04385,CUST210,PROD030,2024-02-05,Damaged in Transit,52,3834.23,Rejected,42,Asia Pacific
RET00737,ORD02748,CUST455,PROD090,2022-11-10,Customer Changed Mind,57,22631.43,Refunded,7,North America
RET00738,ORD01280,CUST366,PROD117,2024-02-12,Customer Changed Mind,307,76862.35,Refunded,1,Asia Pacific
RET00739,ORD02831,CUST350,PROD058,2023-01-14,Warranty Claim,59,29803.69,Replaced,9,Middle East
RET00740,ORD02219,CUST063,PROD034,2023-09-21,Defective,79,38899.31,Replaced,42,North America
RET00741,ORD00032,CUST394,PROD058,2023-04-22,Warranty Claim,246,109653.52,Pending,26,Europe
RET00742,ORD01525,CUST105,PROD071,2023-02-03,Defective,40,34158.59,Refunded,15,Asia Pacific
RET00743,ORD02465,CUST233,PROD027,2022-12-06,Customer Changed Mind,144,32825.64,Refunded,45,Middle East
RET00744,ORD00929,CUST076,PROD036,2024-01-20,Customer Changed Mind,35,32088.12,Replaced,22,Europe
RET00745,ORD01245,CUST186,PROD094,2024-08-04,Damaged in Transit,26,4135.22,Refunded,23,Europe
RET00746,ORD00589,CUST235,PROD095,2023-09-14,Customer Changed Mind,329,68527.71,Refunded,3,Europe
RET00747,ORD01545,CUST382,PROD048,2024-09-04,Wrong Item Shipped,187,83968.64,Replaced,11,North America
RET00748,ORD01282,CUST062,PROD082,2024-04-16,Defective,79,28936.5,Pending,22,Middle East
RET00749,ORD01825,CUST101,PROD080,2022-10-27,Defective,20,5982.16,Replaced,40,Middle East
RET00750,ORD00254,CUST266,PROD046,2022-06-16,Defective,387,476326.24,Rejected,14,Asia Pacific
RET00751,ORD04877,CUST133,PROD075,2023-03-31,Warranty Claim,133,78062.69,Refunded,45,Asia Pacific
RET00752,ORD00194,CUST269,PROD051,2023-04-15,Wrong Item Shipped,183,87194.72,Rejected,16,Europe
RET00753,ORD04171,CUST228,PROD018,2024-04-27,Damaged in Transit,48,19162.12,Refunded,34,Asia Pacific
RET00754,ORD02918,CUST429,PROD029,2023-12-17,Defective,235,78627.06,Refunded,5,North America
RET00755,ORD00985,CUST362,PROD034,2022-02-02,Warranty Claim,238,102622.35,Pending,8,North America
RET00756,ORD01872,CUST197,PROD103,2023-02-10,Defective,71,11688.15,Refunded,2,Middle East
RET00757,ORD02001,CUST335,PROD037,2022-04-30,Damaged in Transit,437,77770.3,Refunded,11,Middle East
RET00758,ORD02823,CUST001,PROD095,2023-01-19,Defective,248,50895.31,Pending,41,Europe
RET00759,ORD02291,CUST004,PROD045,2024-01-10,Wrong Item Shipped,411,205877.45,Rejected,45,Europe
RET00760,ORD03117,CUST155,PROD061,2024-12-19,Defective,329,126002.0,Refunded,41,South Asia
RET00761,ORD04096,CUST328,PROD005,2022-12-19,Damaged in Transit,96,31213.51,Rejected,41,Asia Pacific
RET00762,ORD04816,CUST161,PROD061,2024-05-12,Wrong Item Shipped,237,107902.46,Refunded,23,Asia Pacific
RET00763,ORD02747,CUST294,PROD047,2024-04-08,Warranty Claim,164,19031.85,Refunded,1,North America
RET00764,ORD01459,CUST194,PROD109,2023-12-20,Wrong Item Shipped,36,5770.08,Pending,10,Asia Pacific
RET00765,ORD02729,CUST292,PROD115,2024-10-20,Damaged in Transit,230,107837.08,Refunded,6,Asia Pacific
RET00766,ORD03886,CUST214,PROD020,2023-02-02,Damaged in Transit,236,63998.69,Refunded,3,Europe
RET00767,ORD02254,CUST389,PROD058,2022-07-17,Defective,7,3362.36,Pending,19,South Asia
RET00768,ORD01165,CUST371,PROD107,2022-09-04,Wrong Item Shipped,459,63695.61,Replaced,29,Asia Pacific
RET00769,ORD02490,CUST436,PROD019,2023-08-06,Defective,25,5223.98,Pending,15,Middle East
RET00770,ORD02326,CUST475,PROD120,2024-11-14,Defective,164,93190.74,Refunded,23,North America
RET00771,ORD01859,CUST050,PROD047,2023-07-21,Defective,114,14058.12,Rejected,8,Asia Pacific
RET00772,ORD03218,CUST222,PROD109,2022-03-16,Wrong Item Shipped,7,897.97,Pending,25,North America
RET00773,ORD03888,CUST336,PROD058,2024-08-20,Customer Changed Mind,39,17479.35,Refunded,24,Europe
RET00774,ORD02900,CUST066,PROD115,2025-01-30,Defective,149,77457.47,Rejected,38,North America
RET00775,ORD04810,CUST105,PROD071,2025-03-07,Defective,271,244465.27,Refunded,12,Asia Pacific
RET00776,ORD01308,CUST046,PROD011,2024-09-06,Customer Changed Mind,302,288606.22,Rejected,1,Asia Pacific
RET00777,ORD03471,CUST436,PROD005,2025-01-19,Wrong Item Shipped,88,25606.71,Rejected,4,Middle East
RET00778,ORD03193,CUST290,PROD032,2022-05-04,Defective,431,77017.83,Refunded,39,Asia Pacific
RET00779,ORD01189,CUST115,PROD117,2022-03-26,Damaged in Transit,187,54974.42,Replaced,30,Asia Pacific
RET00780,ORD00602,CUST337,PROD105,2023-10-09,Defective,61,9954.2,Refunded,34,Asia Pacific
RET00781,ORD01312,CUST414,PROD082,2024-03-30,Defective,169,65397.79,Rejected,43,South Asia
RET00782,ORD00469,CUST346,PROD072,2022-05-28,Damaged in Transit,23,5982.99,Refunded,41,North America
RET00783,ORD00604,CUST466,PROD118,2023-08-06,Customer Changed Mind,9,1802.3,Rejected,33,Middle East
RET00784,ORD01664,CUST283,PROD080,2024-11-23,Customer Changed Mind,268,82187.76,Refunded,44,Middle East
RET00785,ORD02515,CUST390,PROD086,2022-08-28,Damaged in Transit,136,114163.12,Refunded,30,Europe
RET00786,ORD01230,CUST142,PROD028,2023-05-23,Damaged in Transit,150,22936.76,Refunded,40,Asia Pacific
RET00787,ORD04729,CUST202,PROD086,2022-09-19,Wrong Item Shipped,306,271406.79,Rejected,13,North America
RET00788,ORD00936,CUST452,PROD027,2025-01-03,Warranty Claim,239,57593.94,Pending,30,South Asia
RET00789,ORD03953,CUST165,PROD037,2024-05-27,Customer Changed Mind,34,6365.11,Replaced,19,Asia Pacific
RET00790,ORD03326,CUST138,PROD068,2023-03-04,Defective,84,7561.74,Pending,20,Asia Pacific
RET00791,ORD02229,CUST158,PROD009,2023-10-09,Damaged in Transit,107,23677.27,Refunded,38,Asia Pacific
RET00792,ORD02265,CUST035,PROD035,2022-06-23,Wrong Item Shipped,96,62516.61,Refunded,4,Middle East
RET00793,ORD03588,CUST169,PROD064,2024-12-02,Customer Changed Mind,141,97791.85,Refunded,23,Asia Pacific
RET00794,ORD02658,CUST445,PROD056,2024-08-18,Defective,20,4383.48,Refunded,25,Europe
RET00795,ORD02376,CUST045,PROD117,2024-01-23,Wrong Item Shipped,8,2495.21,Pending,11,Europe
RET00796,ORD04845,CUST038,PROD076,2024-06-09,Defective,70,48835.31,Replaced,31,Europe
RET00797,ORD01420,CUST232,PROD013,2023-05-30,Defective,35,13695.71,Refunded,12,North America
RET00798,ORD00532,CUST038,PROD112,2023-01-07,Customer Changed Mind,225,19098.44,Rejected,41,Europe
RET00799,ORD03848,CUST033,PROD008,2022-06-14,Customer Changed Mind,153,85748.39,Refunded,34,Europe
RET00800,ORD02284,CUST158,PROD086,2024-12-17,Wrong Item Shipped,14,10398.39,Refunded,30,Asia Pacific
